Returned,Order ID,Region,Ship Date,Order Date,_parsed_return,inferred_return_date,return_date_source
Yes,CA-2012-SA20830140-41210,Central US,2012-10-30,10/28/2012,,2012-11-06,inferred_from_ship
Yes,IN-2012-PB19210127-41259,Eastern Asia,2012-12-19,12/16/2012,,2012-12-26,inferred_from_ship
Yes,IN-2012-PB19210127-41259,Eastern Asia,2012-12-19,12/16/2012,,2012-12-26,inferred_from_ship
Yes,IN-2012-PB19210127-41259,Eastern Asia,2012-12-19,12/16/2012,,2012-12-26,inferred_from_ship
Yes,IN-2012-PB19210127-41259,Eastern Asia,2012-12-19,12/16/2012,,2012-12-26,inferred_from_ship
Yes,IN-2012-PB19210127-41259,Eastern Asia,2012-12-19,12/16/2012,,2012-12-26,inferred_from_ship
Yes,IN-2012-PB19210127-41259,Eastern Asia,2012-12-19,12/16/2012,,2012-12-26,inferred_from_ship
Yes,IN-2012-PB19210127-41259,Eastern Asia,2012-12-19,12/16/2012,,2012-12-26,inferred_from_ship
Yes,IN-2012-PB19210127-41259,Eastern Asia,2012-12-19,12/16/2012,,2012-12-26,inferred_from_ship
Yes,CA-2012-SC20095140-41174,Central US,2012-09-27,9/22/2012,,2012-10-04,inferred_from_ship
Yes,CA-2012-SC20095140-41174,Central US,2012-09-27,9/22/2012,,2012-10-04,inferred_from_ship
Yes,CA-2012-SC20095140-41174,Central US,2012-09-27,9/22/2012,,2012-10-04,inferred_from_ship
Yes,CA-2012-SC20095140-41174,Central US,2012-09-27,9/22/2012,,2012-10-04,inferred_from_ship
Yes,IN-2015-JH158207-42140,Oceania,2015-05-18,5/16/2015,,2015-05-25,inferred_from_ship
Yes,IN-2015-JH158207-42140,Oceania,2015-05-18,5/16/2015,,2015-05-25,inferred_from_ship
Yes,IN-2015-JH158207-42140,Oceania,2015-05-18,5/16/2015,,2015-05-25,inferred_from_ship
Yes,IN-2015-JH158207-42140,Oceania,2015-05-18,5/16/2015,,2015-05-25,inferred_from_ship
Yes,IN-2014-LC168857-41747,Oceania,2014-04-19,4/18/2014,,2014-04-26,inferred_from_ship
Yes,ID-2013-AB1001527-41439,Eastern Asia,2013-06-17,6/14/2013,,2013-06-24,inferred_from_ship
Yes,ID-2013-AB1001527-41439,Eastern Asia,2013-06-17,6/14/2013,,2013-06-24,inferred_from_ship
Yes,ES-2015-RA1994545-42218,Western Europe,2015-08-03,8/2/2015,,2015-08-10,inferred_from_ship
Yes,CA-2014-TB21280140-41724,Central US,2014-03-26,3/26/2014,,2014-04-02,inferred_from_ship
Yes,ES-2014-JF15295120-41924,Southern Europe,2014-10-12,10/12/2014,,2014-10-19,inferred_from_ship
Yes,IN-2014-NM1844527-41800,Eastern Asia,2014-06-10,6/10/2014,,2014-06-17,inferred_from_ship
Yes,IN-2014-NM1844527-41800,Eastern Asia,2014-06-10,6/10/2014,,2014-06-17,inferred_from_ship
Yes,IN-2014-NM1844527-41800,Eastern Asia,2014-06-10,6/10/2014,,2014-06-17,inferred_from_ship
Yes,IN-2015-GB145307-42260,Oceania,2015-09-19,9/13/2015,,2015-09-26,inferred_from_ship
Yes,ES-2012-SC208458-41070,Western Europe,2012-06-13,6/10/2012,,2012-06-20,inferred_from_ship
Yes,TU-2013-SF10200134-41417,Western Asia,2013-05-26,5/23/2013,,2013-06-02,inferred_from_ship
Yes,TU-2013-SF10200134-41417,Western Asia,2013-05-26,5/23/2013,,2013-06-02,inferred_from_ship
Yes,TU-2013-SF10200134-41417,Western Asia,2013-05-26,5/23/2013,,2013-06-02,inferred_from_ship
Yes,ID-2015-RD1993092-42140,Oceania,2015-05-18,5/16/2015,,2015-05-25,inferred_from_ship
Yes,ID-2015-RD1993092-42140,Oceania,2015-05-18,5/16/2015,,2015-05-25,inferred_from_ship
Yes,CA-2014-TC21295140-41800,Southern US,2014-06-13,6/10/2014,,2014-06-20,inferred_from_ship
Yes,SF-2015-MV8190117-42362,Southern Africa,2015-12-27,12/24/2015,,2016-01-03,inferred_from_ship
Yes,SF-2015-MV8190117-42362,Southern Africa,2015-12-27,12/24/2015,,2016-01-03,inferred_from_ship
Yes,IN-2014-EM1382566-41850,Eastern Asia,2014-07-30,7/30/2014,,2014-08-06,inferred_from_ship
Yes,IN-2014-EM1382566-41850,Eastern Asia,2014-07-30,7/30/2014,,2014-08-06,inferred_from_ship
Yes,IN-2014-EM1382566-41850,Eastern Asia,2014-07-30,7/30/2014,,2014-08-06,inferred_from_ship
Yes,IN-2014-EM1382566-41850,Eastern Asia,2014-07-30,7/30/2014,,2014-08-06,inferred_from_ship
Yes,IN-2014-EM1382566-41850,Eastern Asia,2014-07-30,7/30/2014,,2014-08-06,inferred_from_ship
Yes,ES-2015-CC1210045-42182,Western Europe,2015-06-27,6/27/2015,,2015-07-04,inferred_from_ship
Yes,ES-2015-MM1792045-42199,Western Europe,2015-07-18,7/14/2015,,2015-07-25,inferred_from_ship
Yes,ES-2015-MM1792045-42199,Western Europe,2015-07-18,7/14/2015,,2015-07-25,inferred_from_ship
Yes,IN-2015-DB1306027-42353,Eastern Asia,2015-12-17,12/15/2015,,2015-12-24,inferred_from_ship
Yes,IN-2013-JC157757-41310,Oceania,2013-02-08,2/5/2013,,2013-02-15,inferred_from_ship
Yes,IN-2013-JC157757-41310,Oceania,2013-02-08,2/5/2013,,2013-02-15,inferred_from_ship
Yes,CA-2015-RB19705140-42262,Eastern US,2015-09-17,9/15/2015,,2015-09-24,inferred_from_ship
Yes,CA-2015-RB19705140-42262,Eastern US,2015-09-17,9/15/2015,,2015-09-24,inferred_from_ship
Yes,CA-2015-RB19705140-42262,Eastern US,2015-09-17,9/15/2015,,2015-09-24,inferred_from_ship
Yes,CA-2015-RB19705140-42262,Eastern US,2015-09-17,9/15/2015,,2015-09-24,inferred_from_ship
Yes,ES-2015-BB1154548-42336,Western Europe,2015-12-03,11/28/2015,,2015-12-10,inferred_from_ship
Yes,ES-2015-BB1154548-42336,Western Europe,2015-12-03,11/28/2015,,2015-12-10,inferred_from_ship
Yes,ES-2015-BB1154548-42336,Western Europe,2015-12-03,11/28/2015,,2015-12-10,inferred_from_ship
Yes,ES-2015-BB1154548-42336,Western Europe,2015-12-03,11/28/2015,,2015-12-10,inferred_from_ship
Yes,ES-2015-BB1154548-42336,Western Europe,2015-12-03,11/28/2015,,2015-12-10,inferred_from_ship
Yes,ES-2015-BB1154548-42336,Western Europe,2015-12-03,11/28/2015,,2015-12-10,inferred_from_ship
Yes,AL-2012-SC102302-40970,Southern Europe,2012-03-04,3/2/2012,,2012-03-11,inferred_from_ship
Yes,UP-2014-MC7275137-41997,Eastern Europe,2014-12-29,12/24/2014,,2015-01-05,inferred_from_ship
Yes,IN-2013-EJ13720113-41608,Southeastern Asia,2013-12-04,11/30/2013,,2013-12-11,inferred_from_ship
Yes,IN-2013-EJ13720113-41608,Southeastern Asia,2013-12-04,11/30/2013,,2013-12-11,inferred_from_ship
Yes,CA-2012-AJ10780140-41212,Eastern US,2012-11-01,10/30/2012,,2012-11-08,inferred_from_ship
Yes,CA-2014-EM14140140-41822,Western US,2014-07-04,7/2/2014,,2014-07-11,inferred_from_ship
Yes,ES-2015-RD19585120-42007,Southern Europe,2015-01-04,1/3/2015,,2015-01-11,inferred_from_ship
Yes,ES-2015-RD19585120-42007,Southern Europe,2015-01-04,1/3/2015,,2015-01-11,inferred_from_ship
Yes,ES-2015-RD19585120-42007,Southern Europe,2015-01-04,1/3/2015,,2015-01-11,inferred_from_ship
Yes,ES-2015-RD19585120-42007,Southern Europe,2015-01-04,1/3/2015,,2015-01-11,inferred_from_ship
Yes,US-2014-SC20230140-41873,Western US,2014-08-29,8/22/2014,,2014-09-05,inferred_from_ship
Yes,US-2014-SC20230140-41873,Western US,2014-08-29,8/22/2014,,2014-09-05,inferred_from_ship
Yes,US-2014-SC20230140-41873,Western US,2014-08-29,8/22/2014,,2014-09-05,inferred_from_ship
Yes,US-2014-SC20230140-41873,Western US,2014-08-29,8/22/2014,,2014-09-05,inferred_from_ship
Yes,US-2014-SC20230140-41873,Western US,2014-08-29,8/22/2014,,2014-09-05,inferred_from_ship
Yes,US-2014-SC20230140-41873,Western US,2014-08-29,8/22/2014,,2014-09-05,inferred_from_ship
Yes,US-2014-SC20230140-41873,Western US,2014-08-29,8/22/2014,,2014-09-05,inferred_from_ship
Yes,IN-2013-JR1570058-41441,Southern Asia,2013-06-22,6/16/2013,,2013-06-29,inferred_from_ship
Yes,IN-2013-JR1570058-41441,Southern Asia,2013-06-22,6/16/2013,,2013-06-29,inferred_from_ship
Yes,IN-2013-JR1570058-41441,Southern Asia,2013-06-22,6/16/2013,,2013-06-29,inferred_from_ship
Yes,IN-2013-DL129257-41418,Oceania,2013-05-28,5/24/2013,,2013-06-04,inferred_from_ship
Yes,IN-2013-DL129257-41418,Oceania,2013-05-28,5/24/2013,,2013-06-04,inferred_from_ship
Yes,IN-2013-DL129257-41418,Oceania,2013-05-28,5/24/2013,,2013-06-04,inferred_from_ship
Yes,ES-2014-EG1390045-41644,Western Europe,2014-01-10,1/5/2014,,2014-01-17,inferred_from_ship
Yes,ES-2014-EG1390045-41644,Western Europe,2014-01-10,1/5/2014,,2014-01-17,inferred_from_ship
Yes,ES-2013-DB1297045-41458,Western Europe,2013-07-07,7/3/2013,,2013-07-14,inferred_from_ship
Yes,CA-2014-CL12565140-41768,Eastern US,2014-05-09,5/9/2014,,2014-05-16,inferred_from_ship
Yes,CA-2014-CL12565140-41768,Eastern US,2014-05-09,5/9/2014,,2014-05-16,inferred_from_ship
Yes,CA-2014-CL12565140-41768,Eastern US,2014-05-09,5/9/2014,,2014-05-16,inferred_from_ship
Yes,CA-2014-CL12565140-41768,Eastern US,2014-05-09,5/9/2014,,2014-05-16,inferred_from_ship
Yes,CA-2014-CL12565140-41768,Eastern US,2014-05-09,5/9/2014,,2014-05-16,inferred_from_ship
Yes,ES-2014-EB13930139-41962,Northern Europe,2014-11-24,11/19/2014,,2014-12-01,inferred_from_ship
Yes,ES-2014-EB13930139-41962,Northern Europe,2014-11-24,11/19/2014,,2014-12-01,inferred_from_ship
Yes,IN-2015-ML1739559-42369,Southeastern Asia,2016-01-01,12/31/2015,,2016-01-08,inferred_from_ship
Yes,SA-2015-MC7575110-42326,Western Asia,2015-11-21,11/18/2015,,2015-11-28,inferred_from_ship
Yes,SA-2015-MC7575110-42326,Western Asia,2015-11-21,11/18/2015,,2015-11-28,inferred_from_ship
Yes,SA-2015-MC7575110-42326,Western Asia,2015-11-21,11/18/2015,,2015-11-28,inferred_from_ship
Yes,SA-2015-MC7575110-42326,Western Asia,2015-11-21,11/18/2015,,2015-11-28,inferred_from_ship
Yes,SA-2015-MC7575110-42326,Western Asia,2015-11-21,11/18/2015,,2015-11-28,inferred_from_ship
Yes,CA-2014-SS1041023-41995,Eastern Canada,2014-12-24,12/22/2014,,2014-12-31,inferred_from_ship
Yes,CA-2014-SS1041023-41995,Eastern Canada,2014-12-24,12/22/2014,,2014-12-31,inferred_from_ship
Yes,CA-2014-SS1041023-41995,Eastern Canada,2014-12-24,12/22/2014,,2014-12-31,inferred_from_ship
Yes,CA-2014-SS1041023-41995,Eastern Canada,2014-12-24,12/22/2014,,2014-12-31,inferred_from_ship
Yes,CA-2014-SS1041023-41995,Eastern Canada,2014-12-24,12/22/2014,,2014-12-31,inferred_from_ship
Yes,ID-2015-ST205307-42336,Oceania,2015-12-05,11/28/2015,,2015-12-12,inferred_from_ship
Yes,ID-2015-ST205307-42336,Oceania,2015-12-05,11/28/2015,,2015-12-12,inferred_from_ship
Yes,ID-2015-ST205307-42336,Oceania,2015-12-05,11/28/2015,,2015-12-12,inferred_from_ship
Yes,ID-2015-ST205307-42336,Oceania,2015-12-05,11/28/2015,,2015-12-12,inferred_from_ship
Yes,ID-2015-ST205307-42336,Oceania,2015-12-05,11/28/2015,,2015-12-12,inferred_from_ship
Yes,MX-2012-AH1003082-41251,Central America,2012-12-09,12/8/2012,,2012-12-16,inferred_from_ship
Yes,MX-2012-AH1003082-41251,Central America,2012-12-09,12/8/2012,,2012-12-16,inferred_from_ship
Yes,ID-2015-MM1726078-42181,Southeastern Asia,2015-07-01,6/26/2015,,2015-07-08,inferred_from_ship
Yes,ID-2015-MM1726078-42181,Southeastern Asia,2015-07-01,6/26/2015,,2015-07-08,inferred_from_ship
Yes,ID-2015-MM1726078-42181,Southeastern Asia,2015-07-01,6/26/2015,,2015-07-08,inferred_from_ship
Yes,ID-2015-MM1726078-42181,Southeastern Asia,2015-07-01,6/26/2015,,2015-07-08,inferred_from_ship
Yes,ID-2015-MM1726078-42181,Southeastern Asia,2015-07-01,6/26/2015,,2015-07-08,inferred_from_ship
Yes,IT-2015-DM1301564-42167,Southern Europe,2015-06-13,6/12/2015,,2015-06-20,inferred_from_ship
Yes,IN-2015-JW1595527-42190,Eastern Asia,2015-07-09,7/5/2015,,2015-07-16,inferred_from_ship
Yes,IN-2015-JW1595527-42190,Eastern Asia,2015-07-09,7/5/2015,,2015-07-16,inferred_from_ship
Yes,CA-2013-SG20080140-41578,Western US,2013-10-31,10/31/2013,,2013-11-07,inferred_from_ship
Yes,CA-2013-SG20080140-41578,Western US,2013-10-31,10/31/2013,,2013-11-07,inferred_from_ship
Yes,CA-2013-SG20080140-41578,Western US,2013-10-31,10/31/2013,,2013-11-07,inferred_from_ship
Yes,CA-2013-SG20080140-41578,Western US,2013-10-31,10/31/2013,,2013-11-07,inferred_from_ship
Yes,CA-2013-SG20080140-41578,Western US,2013-10-31,10/31/2013,,2013-11-07,inferred_from_ship
Yes,CA-2013-SG20080140-41578,Western US,2013-10-31,10/31/2013,,2013-11-07,inferred_from_ship
Yes,CA-2013-SG20080140-41578,Western US,2013-10-31,10/31/2013,,2013-11-07,inferred_from_ship
Yes,CA-2013-SG20080140-41578,Western US,2013-10-31,10/31/2013,,2013-11-07,inferred_from_ship
Yes,CA-2013-SG20080140-41578,Western US,2013-10-31,10/31/2013,,2013-11-07,inferred_from_ship
Yes,IN-2014-PF1912027-41916,Eastern Asia,2014-10-08,10/4/2014,,2014-10-15,inferred_from_ship
Yes,US-2015-AG1052582-42355,Central America,2015-12-21,12/17/2015,,2015-12-28,inferred_from_ship
Yes,IN-2015-PB191057-42281,Oceania,2015-10-05,10/4/2015,,2015-10-12,inferred_from_ship
Yes,MX-2015-BS1136518-42199,South America,2015-07-16,7/14/2015,,2015-07-23,inferred_from_ship
Yes,MX-2015-BS1136518-42199,South America,2015-07-16,7/14/2015,,2015-07-23,inferred_from_ship
Yes,MX-2015-BS1136518-42199,South America,2015-07-16,7/14/2015,,2015-07-23,inferred_from_ship
Yes,MX-2015-BS1136518-42199,South America,2015-07-16,7/14/2015,,2015-07-23,inferred_from_ship
Yes,IT-2012-MP1817545-41040,Western Europe,2012-05-13,5/11/2012,,2012-05-20,inferred_from_ship
Yes,IN-2014-BT1168027-41815,Eastern Asia,2014-06-26,6/25/2014,,2014-07-03,inferred_from_ship
Yes,IN-2014-BT1168027-41815,Eastern Asia,2014-06-26,6/25/2014,,2014-07-03,inferred_from_ship
Yes,IN-2013-MH180257-41443,Oceania,2013-06-20,6/18/2013,,2013-06-27,inferred_from_ship
Yes,IN-2013-MH180257-41443,Oceania,2013-06-20,6/18/2013,,2013-06-27,inferred_from_ship
Yes,IN-2013-MH180257-41443,Oceania,2013-06-20,6/18/2013,,2013-06-27,inferred_from_ship
Yes,IN-2013-MH180257-41443,Oceania,2013-06-20,6/18/2013,,2013-06-27,inferred_from_ship
Yes,ID-2015-LW172157-42293,Oceania,2015-10-20,10/16/2015,,2015-10-27,inferred_from_ship
Yes,ID-2015-LW172157-42293,Oceania,2015-10-20,10/16/2015,,2015-10-27,inferred_from_ship
Yes,ID-2015-LW172157-42293,Oceania,2015-10-20,10/16/2015,,2015-10-27,inferred_from_ship
Yes,MX-2014-KA1652539-41922,Central America,2014-10-12,10/10/2014,,2014-10-19,inferred_from_ship
Yes,ID-2015-CS123557-42328,Oceania,2015-11-23,11/20/2015,,2015-11-30,inferred_from_ship
Yes,ID-2015-CS123557-42328,Oceania,2015-11-23,11/20/2015,,2015-11-30,inferred_from_ship
Yes,ID-2015-CS123557-42328,Oceania,2015-11-23,11/20/2015,,2015-11-30,inferred_from_ship
Yes,IN-2015-KM163757-42342,Oceania,2015-12-04,12/4/2015,,2015-12-11,inferred_from_ship
Yes,IN-2015-KM163757-42342,Oceania,2015-12-04,12/4/2015,,2015-12-11,inferred_from_ship
Yes,IN-2015-KM163757-42342,Oceania,2015-12-04,12/4/2015,,2015-12-11,inferred_from_ship
Yes,MX-2013-PK1891082-41532,Central America,2013-09-15,9/15/2013,,2013-09-22,inferred_from_ship
Yes,MX-2013-PK1891082-41532,Central America,2013-09-15,9/15/2013,,2013-09-22,inferred_from_ship
Yes,MX-2013-PK1891082-41532,Central America,2013-09-15,9/15/2013,,2013-09-22,inferred_from_ship
Yes,MX-2013-PK1891082-41532,Central America,2013-09-15,9/15/2013,,2013-09-22,inferred_from_ship
Yes,MX-2013-PK1891082-41532,Central America,2013-09-15,9/15/2013,,2013-09-22,inferred_from_ship
Yes,ES-2015-BT1139564-42088,Southern Europe,2015-04-01,3/25/2015,,2015-04-08,inferred_from_ship
Yes,ES-2015-BT1139564-42088,Southern Europe,2015-04-01,3/25/2015,,2015-04-08,inferred_from_ship
Yes,ES-2015-BT1139564-42088,Southern Europe,2015-04-01,3/25/2015,,2015-04-08,inferred_from_ship
Yes,ES-2015-BT1139564-42088,Southern Europe,2015-04-01,3/25/2015,,2015-04-08,inferred_from_ship
Yes,ES-2015-BT1139564-42088,Southern Europe,2015-04-01,3/25/2015,,2015-04-08,inferred_from_ship
Yes,ES-2015-BT1139564-42088,Southern Europe,2015-04-01,3/25/2015,,2015-04-08,inferred_from_ship
Yes,ES-2015-BT1139564-42088,Southern Europe,2015-04-01,3/25/2015,,2015-04-08,inferred_from_ship
Yes,MX-2013-CC1243082-41634,Central America,2013-12-28,12/26/2013,,2014-01-04,inferred_from_ship
Yes,MX-2013-CC1243082-41634,Central America,2013-12-28,12/26/2013,,2014-01-04,inferred_from_ship
Yes,MX-2013-CC1243082-41634,Central America,2013-12-28,12/26/2013,,2014-01-04,inferred_from_ship
Yes,MX-2013-CC1243082-41634,Central America,2013-12-28,12/26/2013,,2014-01-04,inferred_from_ship
Yes,IT-2015-AR1082545-42290,Western Europe,2015-10-16,10/13/2015,,2015-10-23,inferred_from_ship
Yes,IT-2015-AR1082545-42290,Western Europe,2015-10-16,10/13/2015,,2015-10-23,inferred_from_ship
Yes,ID-2014-CS11860102-41858,Southeastern Asia,2014-08-09,8/7/2014,,2014-08-16,inferred_from_ship
Yes,ID-2014-CS11860102-41858,Southeastern Asia,2014-08-09,8/7/2014,,2014-08-16,inferred_from_ship
Yes,IN-2014-AB1060058-41858,Southern Asia,2014-08-14,8/7/2014,,2014-08-21,inferred_from_ship
Yes,IN-2014-AB1060058-41858,Southern Asia,2014-08-14,8/7/2014,,2014-08-21,inferred_from_ship
Yes,IN-2014-AB1060058-41858,Southern Asia,2014-08-14,8/7/2014,,2014-08-21,inferred_from_ship
Yes,IN-2012-CG1204027-41252,Eastern Asia,2012-12-11,12/9/2012,,2012-12-18,inferred_from_ship
Yes,AG-2013-PO88653-41634,North Africa,2013-12-30,12/26/2013,,2014-01-06,inferred_from_ship
Yes,AG-2013-PO88653-41634,North Africa,2013-12-30,12/26/2013,,2014-01-06,inferred_from_ship
Yes,EG-2015-CM211538-42144,North Africa,2015-05-24,5/20/2015,,2015-05-31,inferred_from_ship
Yes,EG-2015-CM211538-42144,North Africa,2015-05-24,5/20/2015,,2015-05-31,inferred_from_ship
Yes,ES-2015-BN1151545-42304,Western Europe,2015-10-29,10/27/2015,,2015-11-05,inferred_from_ship
Yes,ES-2015-BN1151545-42304,Western Europe,2015-10-29,10/27/2015,,2015-11-05,inferred_from_ship
Yes,IN-2014-CL1189066-41999,Eastern Asia,2015-01-01,12/26/2014,,2015-01-08,inferred_from_ship
Yes,ID-2015-AA1064559-42332,Southeastern Asia,2015-11-27,11/24/2015,,2015-12-04,inferred_from_ship
Yes,ID-2015-AA1064559-42332,Southeastern Asia,2015-11-27,11/24/2015,,2015-12-04,inferred_from_ship
Yes,ID-2015-AA1064559-42332,Southeastern Asia,2015-11-27,11/24/2015,,2015-12-04,inferred_from_ship
Yes,ES-2014-JK1609064-41800,Southern Europe,2014-06-17,6/10/2014,,2014-06-24,inferred_from_ship
Yes,ES-2014-JK1609064-41800,Southern Europe,2014-06-17,6/10/2014,,2014-06-24,inferred_from_ship
Yes,IN-2015-CD1192059-42326,Southeastern Asia,2015-11-22,11/18/2015,,2015-11-29,inferred_from_ship
Yes,IN-2012-ES1408027-40941,Eastern Asia,2012-02-05,2/2/2012,,2012-02-12,inferred_from_ship
Yes,IN-2012-ES1408027-40941,Eastern Asia,2012-02-05,2/2/2012,,2012-02-12,inferred_from_ship
Yes,IN-2012-ES1408027-40941,Eastern Asia,2012-02-05,2/2/2012,,2012-02-12,inferred_from_ship
Yes,IN-2012-ES1408027-40941,Eastern Asia,2012-02-05,2/2/2012,,2012-02-12,inferred_from_ship
Yes,IN-2012-ES1408027-40941,Eastern Asia,2012-02-05,2/2/2012,,2012-02-12,inferred_from_ship
Yes,MX-2013-DO1364512-41461,Caribbean,2013-07-08,7/6/2013,,2013-07-15,inferred_from_ship
Yes,MX-2013-DO1364512-41461,Caribbean,2013-07-08,7/6/2013,,2013-07-15,inferred_from_ship
Yes,CG-2013-SC1030533-41538,Central Africa,2013-09-25,9/21/2013,,2013-10-02,inferred_from_ship
Yes,CG-2013-SC1030533-41538,Central Africa,2013-09-25,9/21/2013,,2013-10-02,inferred_from_ship
Yes,CG-2013-SC1030533-41538,Central Africa,2013-09-25,9/21/2013,,2013-10-02,inferred_from_ship
Yes,SI-2015-SM10005115-42252,Southern Europe,2015-09-09,9/5/2015,,2015-09-16,inferred_from_ship
Yes,SI-2015-SM10005115-42252,Southern Europe,2015-09-09,9/5/2015,,2015-09-16,inferred_from_ship
Yes,IN-2012-GT1471058-41158,Southern Asia,2012-09-07,9/6/2012,,2012-09-14,inferred_from_ship
Yes,ID-2013-SC2080059-41380,Southeastern Asia,2013-04-22,4/16/2013,,2013-04-29,inferred_from_ship
Yes,ID-2013-SC2080059-41380,Southeastern Asia,2013-04-22,4/16/2013,,2013-04-29,inferred_from_ship
Yes,ID-2013-SC2080059-41380,Southeastern Asia,2013-04-22,4/16/2013,,2013-04-29,inferred_from_ship
Yes,ID-2013-SC2080059-41380,Southeastern Asia,2013-04-22,4/16/2013,,2013-04-29,inferred_from_ship
Yes,ID-2013-SC2080059-41380,Southeastern Asia,2013-04-22,4/16/2013,,2013-04-29,inferred_from_ship
Yes,ID-2013-SC2080059-41380,Southeastern Asia,2013-04-22,4/16/2013,,2013-04-29,inferred_from_ship
Yes,MX-2013-HF1499518-41423,South America,2013-05-30,5/29/2013,,2013-06-06,inferred_from_ship
Yes,MX-2013-HF1499518-41423,South America,2013-05-30,5/29/2013,,2013-06-06,inferred_from_ship
Yes,ES-2012-AG1049545-41002,Western Europe,2012-04-05,4/3/2012,,2012-04-12,inferred_from_ship
Yes,IN-2015-SD2048527-42259,Eastern Asia,2015-09-14,9/12/2015,,2015-09-21,inferred_from_ship
Yes,IN-2015-SD2048527-42259,Eastern Asia,2015-09-14,9/12/2015,,2015-09-21,inferred_from_ship
Yes,IN-2015-SD2048527-42259,Eastern Asia,2015-09-14,9/12/2015,,2015-09-21,inferred_from_ship
Yes,IN-2015-SD2048527-42259,Eastern Asia,2015-09-14,9/12/2015,,2015-09-21,inferred_from_ship
Yes,CA-2012-PC18745140-41273,Eastern US,2013-01-03,12/30/2012,,2013-01-10,inferred_from_ship
Yes,US-2015-DH13075140-42092,Western US,2015-04-01,3/29/2015,,2015-04-08,inferred_from_ship
Yes,US-2015-DH13075140-42092,Western US,2015-04-01,3/29/2015,,2015-04-08,inferred_from_ship
Yes,US-2015-DH13075140-42092,Western US,2015-04-01,3/29/2015,,2015-04-08,inferred_from_ship
Yes,US-2015-DH13075140-42092,Western US,2015-04-01,3/29/2015,,2015-04-08,inferred_from_ship
Yes,US-2015-DH13075140-42092,Western US,2015-04-01,3/29/2015,,2015-04-08,inferred_from_ship
Yes,US-2015-DH13075140-42092,Western US,2015-04-01,3/29/2015,,2015-04-08,inferred_from_ship
Yes,US-2015-DH13075140-42092,Western US,2015-04-01,3/29/2015,,2015-04-08,inferred_from_ship
Yes,ES-2015-LR1691545-42237,Western Europe,2015-08-23,8/21/2015,,2015-08-30,inferred_from_ship
Yes,SF-2015-CD1920117-42055,Southern Africa,2015-02-24,2/20/2015,,2015-03-03,inferred_from_ship
Yes,SF-2015-CD1920117-42055,Southern Africa,2015-02-24,2/20/2015,,2015-03-03,inferred_from_ship
Yes,SF-2015-CD1920117-42055,Southern Africa,2015-02-24,2/20/2015,,2015-03-03,inferred_from_ship
Yes,ES-2012-TT2146045-41014,Western Europe,2012-04-20,4/15/2012,,2012-04-27,inferred_from_ship
Yes,IN-2015-PS1904558-42272,Southern Asia,2015-09-27,9/25/2015,,2015-10-04,inferred_from_ship
Yes,IN-2015-PS1904558-42272,Southern Asia,2015-09-27,9/25/2015,,2015-10-04,inferred_from_ship
Yes,CA-2015-KL16555140-42313,Southern US,2015-11-06,11/5/2015,,2015-11-13,inferred_from_ship
Yes,CA-2015-KL16555140-42313,Southern US,2015-11-06,11/5/2015,,2015-11-13,inferred_from_ship
Yes,US-2013-PO1918082-41504,Central America,2013-08-23,8/18/2013,,2013-08-30,inferred_from_ship
Yes,ID-2015-JG15310130-42133,Southeastern Asia,2015-05-09,5/9/2015,,2015-05-16,inferred_from_ship
Yes,ID-2015-JG15310130-42133,Southeastern Asia,2015-05-09,5/9/2015,,2015-05-16,inferred_from_ship
Yes,ID-2015-JG15310130-42133,Southeastern Asia,2015-05-09,5/9/2015,,2015-05-16,inferred_from_ship
Yes,ES-2014-MG17680120-41867,Southern Europe,2014-08-20,8/16/2014,,2014-08-27,inferred_from_ship
Yes,ES-2014-MG17680120-41867,Southern Europe,2014-08-20,8/16/2014,,2014-08-27,inferred_from_ship
Yes,ES-2015-RA1994548-42249,Western Europe,2015-09-04,9/2/2015,,2015-09-11,inferred_from_ship
Yes,IT-2015-KD1634545-42238,Western Europe,2015-08-26,8/22/2015,,2015-09-02,inferred_from_ship
Yes,IT-2015-KD1634545-42238,Western Europe,2015-08-26,8/22/2015,,2015-09-02,inferred_from_ship
Yes,IT-2015-KD1634545-42238,Western Europe,2015-08-26,8/22/2015,,2015-09-02,inferred_from_ship
Yes,CA-2012-DP13165140-41244,Eastern US,2012-12-03,12/1/2012,,2012-12-10,inferred_from_ship
Yes,CA-2012-DP13165140-41244,Eastern US,2012-12-03,12/1/2012,,2012-12-10,inferred_from_ship
Yes,CA-2012-DP13165140-41244,Eastern US,2012-12-03,12/1/2012,,2012-12-10,inferred_from_ship
Yes,CA-2014-EH13765140-41997,Western US,2014-12-31,12/24/2014,,2015-01-07,inferred_from_ship
Yes,CA-2014-EH13765140-41997,Western US,2014-12-31,12/24/2014,,2015-01-07,inferred_from_ship
Yes,CA-2014-EH13765140-41997,Western US,2014-12-31,12/24/2014,,2015-01-07,inferred_from_ship
Yes,CA-2014-EH13765140-41997,Western US,2014-12-31,12/24/2014,,2015-01-07,inferred_from_ship
Yes,CA-2014-EH13765140-41997,Western US,2014-12-31,12/24/2014,,2015-01-07,inferred_from_ship
Yes,CA-2014-EH13765140-41997,Western US,2014-12-31,12/24/2014,,2015-01-07,inferred_from_ship
Yes,CA-2014-EH13765140-41997,Western US,2014-12-31,12/24/2014,,2015-01-07,inferred_from_ship
Yes,ID-2015-TB214007-42322,Oceania,2015-11-16,11/14/2015,,2015-11-23,inferred_from_ship
Yes,ID-2015-TB214007-42322,Oceania,2015-11-16,11/14/2015,,2015-11-23,inferred_from_ship
Yes,ID-2015-TB214007-42322,Oceania,2015-11-16,11/14/2015,,2015-11-23,inferred_from_ship
Yes,ID-2015-TB214007-42322,Oceania,2015-11-16,11/14/2015,,2015-11-23,inferred_from_ship
Yes,MX-2013-ES1408018-41619,South America,2013-12-16,12/11/2013,,2013-12-23,inferred_from_ship
Yes,MX-2013-ES1408018-41619,South America,2013-12-16,12/11/2013,,2013-12-23,inferred_from_ship
Yes,MX-2013-ES1408018-41619,South America,2013-12-16,12/11/2013,,2013-12-23,inferred_from_ship
Yes,MX-2013-ES1408018-41619,South America,2013-12-16,12/11/2013,,2013-12-23,inferred_from_ship
Yes,MX-2013-ES1408018-41619,South America,2013-12-16,12/11/2013,,2013-12-23,inferred_from_ship
Yes,MX-2013-ES1408018-41619,South America,2013-12-16,12/11/2013,,2013-12-23,inferred_from_ship
Yes,MX-2013-ES1408018-41619,South America,2013-12-16,12/11/2013,,2013-12-23,inferred_from_ship
Yes,IN-2012-TB2152059-41207,Southeastern Asia,2012-10-30,10/25/2012,,2012-11-06,inferred_from_ship
Yes,ES-2012-MR1754564-41157,Southern Europe,2012-09-09,9/5/2012,,2012-09-16,inferred_from_ship
Yes,ES-2012-MR1754564-41157,Southern Europe,2012-09-09,9/5/2012,,2012-09-16,inferred_from_ship
Yes,ES-2012-MR1754564-41157,Southern Europe,2012-09-09,9/5/2012,,2012-09-16,inferred_from_ship
Yes,ES-2012-MR1754564-41157,Southern Europe,2012-09-09,9/5/2012,,2012-09-16,inferred_from_ship
Yes,ES-2012-MR1754564-41157,Southern Europe,2012-09-09,9/5/2012,,2012-09-16,inferred_from_ship
Yes,ES-2012-MR1754564-41157,Southern Europe,2012-09-09,9/5/2012,,2012-09-16,inferred_from_ship
Yes,IN-2015-GW1460558-42173,Southern Asia,2015-06-21,6/18/2015,,2015-06-28,inferred_from_ship
Yes,IN-2015-GW1460558-42173,Southern Asia,2015-06-21,6/18/2015,,2015-06-28,inferred_from_ship
Yes,CA-2013-JK15205140-41544,Southern US,2013-10-02,9/27/2013,,2013-10-09,inferred_from_ship
Yes,CA-2013-JK15205140-41544,Southern US,2013-10-02,9/27/2013,,2013-10-09,inferred_from_ship
Yes,IN-2015-GM1445558-42273,Southern Asia,2015-09-30,9/26/2015,,2015-10-07,inferred_from_ship
Yes,CA-2015-MG18145140-42285,Western US,2015-10-12,10/8/2015,,2015-10-19,inferred_from_ship
Yes,CA-2015-MG18145140-42285,Western US,2015-10-12,10/8/2015,,2015-10-19,inferred_from_ship
Yes,CA-2015-MG18145140-42285,Western US,2015-10-12,10/8/2015,,2015-10-19,inferred_from_ship
Yes,CA-2013-EM13960140-41548,Western US,2013-10-04,10/1/2013,,2013-10-11,inferred_from_ship
Yes,CA-2013-EM13960140-41548,Western US,2013-10-05,10/1/2013,,2013-10-12,inferred_from_ship
Yes,CA-2013-EM13960140-41548,Western US,2013-10-05,10/1/2013,,2013-10-12,inferred_from_ship
Yes,ES-2014-RM1937545-41643,Western Europe,2014-01-08,1/4/2014,,2014-01-15,inferred_from_ship
Yes,ES-2014-RM1937545-41643,Western Europe,2014-01-08,1/4/2014,,2014-01-15,inferred_from_ship
Yes,IN-2012-GG1465027-40992,Eastern Asia,2012-03-25,3/24/2012,,2012-04-01,inferred_from_ship
Yes,IN-2012-GG1465027-40992,Eastern Asia,2012-03-25,3/24/2012,,2012-04-01,inferred_from_ship
Yes,IN-2012-GG1465027-40992,Eastern Asia,2012-03-25,3/24/2012,,2012-04-01,inferred_from_ship
Yes,IN-2014-TB2140066-41873,Eastern Asia,2014-08-26,8/22/2014,,2014-09-02,inferred_from_ship
Yes,IN-2014-TB2140066-41873,Eastern Asia,2014-08-26,8/22/2014,,2014-09-02,inferred_from_ship
Yes,IN-2014-TB2140066-41873,Eastern Asia,2014-08-26,8/22/2014,,2014-09-02,inferred_from_ship
Yes,IN-2014-TB2140066-41873,Eastern Asia,2014-08-26,8/22/2014,,2014-09-02,inferred_from_ship
Yes,IN-2014-TB2140066-41873,Eastern Asia,2014-08-26,8/22/2014,,2014-09-02,inferred_from_ship
Yes,IN-2014-TB2140066-41873,Eastern Asia,2014-08-26,8/22/2014,,2014-09-02,inferred_from_ship
Yes,IN-2014-TB2140066-41873,Eastern Asia,2014-08-26,8/22/2014,,2014-09-02,inferred_from_ship
Yes,IN-2014-TB2140066-41873,Eastern Asia,2014-08-26,8/22/2014,,2014-09-02,inferred_from_ship
Yes,IN-2014-TB2140066-41873,Eastern Asia,2014-08-26,8/22/2014,,2014-09-02,inferred_from_ship
Yes,IN-2014-TB2140066-41873,Eastern Asia,2014-08-26,8/22/2014,,2014-09-02,inferred_from_ship
Yes,MX-2015-MP1796518-42189,South America,2015-07-08,7/4/2015,,2015-07-15,inferred_from_ship
Yes,MX-2015-MP1796518-42189,South America,2015-07-08,7/4/2015,,2015-07-15,inferred_from_ship
Yes,MX-2015-MP1796518-42189,South America,2015-07-08,7/4/2015,,2015-07-15,inferred_from_ship
Yes,US-2012-LT17110140-41060,Southern US,2012-06-05,5/31/2012,,2012-06-12,inferred_from_ship
Yes,US-2012-LT17110140-41060,Southern US,2012-06-05,5/31/2012,,2012-06-12,inferred_from_ship
Yes,ES-2013-BF1117048-41527,Western Europe,2013-09-17,9/10/2013,,2013-09-24,inferred_from_ship
Yes,ES-2013-BF1117048-41527,Western Europe,2013-09-17,9/10/2013,,2013-09-24,inferred_from_ship
Yes,ES-2013-BF1117048-41527,Western Europe,2013-09-17,9/10/2013,,2013-09-24,inferred_from_ship
Yes,ES-2013-BF1117048-41527,Western Europe,2013-09-17,9/10/2013,,2013-09-24,inferred_from_ship
Yes,ID-2013-CC126857-41572,Oceania,2013-10-29,10/25/2013,,2013-11-05,inferred_from_ship
Yes,ID-2013-CC126857-41572,Oceania,2013-10-29,10/25/2013,,2013-11-05,inferred_from_ship
Yes,ES-2013-AJ1094548-41444,Western Europe,2013-06-26,6/19/2013,,2013-07-03,inferred_from_ship
Yes,US-2015-GZ14545140-42212,Western US,2015-08-02,7/27/2015,,2015-08-09,inferred_from_ship
Yes,US-2015-GZ14545140-42212,Western US,2015-08-02,7/27/2015,,2015-08-09,inferred_from_ship
Yes,ES-2015-BM1165045-42176,Western Europe,2015-06-23,6/21/2015,,2015-06-30,inferred_from_ship
Yes,ES-2015-BM1165045-42176,Western Europe,2015-06-23,6/21/2015,,2015-06-30,inferred_from_ship
Yes,ES-2015-BM1165045-42176,Western Europe,2015-06-23,6/21/2015,,2015-06-30,inferred_from_ship
Yes,ES-2015-BM1165045-42176,Western Europe,2015-06-23,6/21/2015,,2015-06-30,inferred_from_ship
Yes,ES-2015-BM1165045-42176,Western Europe,2015-06-23,6/21/2015,,2015-06-30,inferred_from_ship
Yes,ID-2014-RD197207-41776,Oceania,2014-05-21,5/17/2014,,2014-05-28,inferred_from_ship
Yes,ID-2014-RD197207-41776,Oceania,2014-05-21,5/17/2014,,2014-05-28,inferred_from_ship
Yes,MX-2015-DB1336018-42280,South America,2015-10-04,10/3/2015,,2015-10-11,inferred_from_ship
Yes,MX-2015-DB1336018-42280,South America,2015-10-04,10/3/2015,,2015-10-11,inferred_from_ship
Yes,MX-2015-DB1336018-42280,South America,2015-10-04,10/3/2015,,2015-10-11,inferred_from_ship
Yes,US-2012-CV12295140-40995,Central US,2012-04-01,3/27/2012,,2012-04-08,inferred_from_ship
Yes,US-2012-CV12295140-40995,Central US,2012-04-01,3/27/2012,,2012-04-08,inferred_from_ship
Yes,IT-2013-BF1102045-41418,Western Europe,2013-05-29,5/24/2013,,2013-06-05,inferred_from_ship
Yes,IT-2013-BF1102045-41418,Western Europe,2013-05-29,5/24/2013,,2013-06-05,inferred_from_ship
Yes,IT-2013-BF1102045-41418,Western Europe,2013-05-29,5/24/2013,,2013-06-05,inferred_from_ship
Yes,IN-2015-LT1676511-42286,Southern Asia,2015-10-11,10/9/2015,,2015-10-18,inferred_from_ship
Yes,IN-2015-VB217451-42349,Southern Asia,2015-12-15,12/11/2015,,2015-12-22,inferred_from_ship
Yes,IN-2015-VB217451-42349,Southern Asia,2015-12-15,12/11/2015,,2015-12-22,inferred_from_ship
Yes,IN-2015-VB217451-42349,Southern Asia,2015-12-15,12/11/2015,,2015-12-22,inferred_from_ship
Yes,IT-2014-JG15115104-41952,Southern Europe,2014-11-14,11/9/2014,,2014-11-21,inferred_from_ship
Yes,IT-2014-JG15115104-41952,Southern Europe,2014-11-14,11/9/2014,,2014-11-21,inferred_from_ship
Yes,MX-2012-JP1552018-41174,South America,2012-09-27,9/22/2012,,2012-10-04,inferred_from_ship
Yes,MX-2012-JP1552018-41174,South America,2012-09-27,9/22/2012,,2012-10-04,inferred_from_ship
Yes,MX-2012-RD1993051-41223,Central America,2012-11-11,11/10/2012,,2012-11-18,inferred_from_ship
Yes,IN-2015-AT1043559-42243,Southeastern Asia,2015-08-31,8/27/2015,,2015-09-07,inferred_from_ship
Yes,IN-2015-AT1043559-42243,Southeastern Asia,2015-08-31,8/27/2015,,2015-09-07,inferred_from_ship
Yes,IN-2015-AT1043559-42243,Southeastern Asia,2015-08-31,8/27/2015,,2015-09-07,inferred_from_ship
Yes,IN-2015-AT1043559-42243,Southeastern Asia,2015-08-31,8/27/2015,,2015-09-07,inferred_from_ship
Yes,IN-2012-SC2069559-41248,Southeastern Asia,2012-12-11,12/5/2012,,2012-12-18,inferred_from_ship
Yes,ES-2012-ER13855120-41159,Southern Europe,2012-09-10,9/7/2012,,2012-09-17,inferred_from_ship
Yes,ES-2012-ER13855120-41159,Southern Europe,2012-09-10,9/7/2012,,2012-09-17,inferred_from_ship
Yes,ES-2012-TB2162545-41262,Western Europe,2012-12-23,12/19/2012,,2012-12-30,inferred_from_ship
Yes,ES-2012-TB2162545-41262,Western Europe,2012-12-23,12/19/2012,,2012-12-30,inferred_from_ship
Yes,ES-2013-CM124458-41375,Western Europe,2013-04-15,4/11/2013,,2013-04-22,inferred_from_ship
Yes,ES-2013-CM124458-41375,Western Europe,2013-04-15,4/11/2013,,2013-04-22,inferred_from_ship
Yes,ES-2013-CM124458-41375,Western Europe,2013-04-15,4/11/2013,,2013-04-22,inferred_from_ship
Yes,ES-2013-CM124458-41375,Western Europe,2013-04-15,4/11/2013,,2013-04-22,inferred_from_ship
Yes,US-2012-BF11170140-41266,Western US,2012-12-28,12/23/2012,,2013-01-04,inferred_from_ship
Yes,US-2012-BF11170140-41266,Western US,2012-12-28,12/23/2012,,2013-01-04,inferred_from_ship
Yes,US-2012-BF11170140-41266,Western US,2012-12-28,12/23/2012,,2013-01-04,inferred_from_ship
Yes,US-2012-BF11170140-41266,Western US,2012-12-28,12/23/2012,,2013-01-04,inferred_from_ship
Yes,US-2012-BF11170140-41266,Western US,2012-12-28,12/23/2012,,2013-01-04,inferred_from_ship
Yes,US-2012-BF11170140-41266,Western US,2012-12-28,12/23/2012,,2013-01-04,inferred_from_ship
Yes,ID-2014-CJ1187592-41831,Oceania,2014-07-15,7/11/2014,,2014-07-22,inferred_from_ship
Yes,ID-2014-CJ1187592-41831,Oceania,2014-07-15,7/11/2014,,2014-07-22,inferred_from_ship
Yes,RS-2015-GG4650108-42102,Eastern Europe,2015-04-12,4/8/2015,,2015-04-19,inferred_from_ship
Yes,ES-2015-KA1652545-42353,Western Europe,2015-12-19,12/15/2015,,2015-12-26,inferred_from_ship
Yes,ES-2015-KA1652545-42353,Western Europe,2015-12-19,12/15/2015,,2015-12-26,inferred_from_ship
Yes,ES-2015-KA1652545-42353,Western Europe,2015-12-19,12/15/2015,,2015-12-26,inferred_from_ship
Yes,MX-2014-CW1190593-41788,Central America,2014-06-04,5/29/2014,,2014-06-11,inferred_from_ship
Yes,MX-2015-SV2078582-42347,Central America,2015-12-09,12/9/2015,,2015-12-16,inferred_from_ship
Yes,MX-2015-SV2078582-42347,Central America,2015-12-09,12/9/2015,,2015-12-16,inferred_from_ship
Yes,MX-2015-SV2078582-42347,Central America,2015-12-09,12/9/2015,,2015-12-16,inferred_from_ship
Yes,ES-2012-DJ1351048-40923,Western Europe,2012-01-20,1/15/2012,,2012-01-27,inferred_from_ship
Yes,ES-2012-DJ1351048-40923,Western Europe,2012-01-20,1/15/2012,,2012-01-27,inferred_from_ship
Yes,ES-2012-DJ1351048-40923,Western Europe,2012-01-20,1/15/2012,,2012-01-27,inferred_from_ship
Yes,ES-2012-DJ1351048-40923,Western Europe,2012-01-20,1/15/2012,,2012-01-27,inferred_from_ship
Yes,ES-2012-DJ1351048-40923,Western Europe,2012-01-20,1/15/2012,,2012-01-27,inferred_from_ship
Yes,CA-2014-HF14995140-41761,Southern US,2014-05-05,5/2/2014,,2014-05-12,inferred_from_ship
Yes,CA-2014-HF14995140-41761,Southern US,2014-05-05,5/2/2014,,2014-05-12,inferred_from_ship
Yes,CA-2014-HF14995140-41761,Southern US,2014-05-05,5/2/2014,,2014-05-12,inferred_from_ship
Yes,CA-2014-CL12565140-41788,Western US,2014-06-04,5/29/2014,,2014-06-11,inferred_from_ship
Yes,CA-2014-CL12565140-41788,Western US,2014-06-04,5/29/2014,,2014-06-11,inferred_from_ship
Yes,CA-2014-CL12565140-41788,Western US,2014-06-04,5/29/2014,,2014-06-11,inferred_from_ship
Yes,CA-2014-CL12565140-41788,Western US,2014-06-04,5/29/2014,,2014-06-11,inferred_from_ship
Yes,CA-2014-CL12565140-41788,Western US,2014-06-04,5/29/2014,,2014-06-11,inferred_from_ship
Yes,CA-2012-LR16915140-41128,Western US,2012-08-14,8/7/2012,,2012-08-21,inferred_from_ship
Yes,CA-2012-LR16915140-41128,Western US,2012-08-14,8/7/2012,,2012-08-21,inferred_from_ship
Yes,CA-2012-LR16915140-41128,Western US,2012-08-14,8/7/2012,,2012-08-21,inferred_from_ship
Yes,CA-2012-LR16915140-41128,Western US,2012-08-14,8/7/2012,,2012-08-21,inferred_from_ship
Yes,CA-2015-KH16510140-42347,Western US,2015-12-13,12/9/2015,,2015-12-20,inferred_from_ship
Yes,CA-2015-KH16510140-42347,Western US,2015-12-13,12/9/2015,,2015-12-20,inferred_from_ship
Yes,CA-2015-KH16510140-42347,Western US,2015-12-13,12/9/2015,,2015-12-20,inferred_from_ship
Yes,CA-2015-KH16510140-42347,Western US,2015-12-13,12/9/2015,,2015-12-20,inferred_from_ship
Yes,CA-2015-KH16510140-42347,Western US,2015-12-13,12/9/2015,,2015-12-20,inferred_from_ship
Yes,CA-2015-KH16510140-42347,Western US,2015-12-13,12/9/2015,,2015-12-20,inferred_from_ship
Yes,CA-2015-KH16510140-42347,Western US,2015-12-13,12/9/2015,,2015-12-20,inferred_from_ship
Yes,CA-2015-KH16510140-42347,Western US,2015-12-13,12/9/2015,,2015-12-20,inferred_from_ship
Yes,CA-2015-KH16510140-42347,Western US,2015-12-13,12/9/2015,,2015-12-20,inferred_from_ship
Yes,MX-2015-KC1667518-42070,South America,2015-03-11,3/7/2015,,2015-03-18,inferred_from_ship
Yes,MX-2015-KC1667518-42070,South America,2015-03-11,3/7/2015,,2015-03-18,inferred_from_ship
Yes,CA-2014-ON18715140-41959,Southern US,2014-11-16,11/16/2014,,2014-11-23,inferred_from_ship
Yes,IN-2013-MA1799559-41314,Southeastern Asia,2013-02-12,2/9/2013,,2013-02-19,inferred_from_ship
Yes,IN-2013-MA1799559-41314,Southeastern Asia,2013-02-12,2/9/2013,,2013-02-19,inferred_from_ship
Yes,IN-2013-MA1799559-41314,Southeastern Asia,2013-02-12,2/9/2013,,2013-02-19,inferred_from_ship
Yes,IN-2013-MA1799559-41314,Southeastern Asia,2013-02-12,2/9/2013,,2013-02-19,inferred_from_ship
Yes,IN-2013-MA1799559-41314,Southeastern Asia,2013-02-12,2/9/2013,,2013-02-19,inferred_from_ship
Yes,IS-2014-RA928563-41916,Western Asia,2014-10-06,10/4/2014,,2014-10-13,inferred_from_ship
Yes,IS-2014-RA928563-41916,Western Asia,2014-10-06,10/4/2014,,2014-10-13,inferred_from_ship
Yes,IN-2012-TB2162588-41177,Southeastern Asia,2012-10-02,9/25/2012,,2012-10-09,inferred_from_ship
Yes,IN-2012-TB2162588-41177,Southeastern Asia,2012-10-02,9/25/2012,,2012-10-09,inferred_from_ship
Yes,IN-2012-MC1784559-41116,Southeastern Asia,2012-07-30,7/26/2012,,2012-08-06,inferred_from_ship
Yes,IN-2012-MC1784559-41116,Southeastern Asia,2012-07-30,7/26/2012,,2012-08-06,inferred_from_ship
Yes,IN-2012-MC1784559-41116,Southeastern Asia,2012-07-30,7/26/2012,,2012-08-06,inferred_from_ship
Yes,IN-2012-MC1784559-41116,Southeastern Asia,2012-07-30,7/26/2012,,2012-08-06,inferred_from_ship
Yes,ID-2014-KH16690144-41991,Southeastern Asia,2014-12-20,12/18/2014,,2014-12-27,inferred_from_ship
Yes,ID-2014-KH16690144-41991,Southeastern Asia,2014-12-20,12/18/2014,,2014-12-27,inferred_from_ship
Yes,ES-2015-AT1073545-42367,Western Europe,2015-12-29,12/29/2015,,2016-01-05,inferred_from_ship
Yes,ES-2015-AT1073545-42367,Western Europe,2015-12-29,12/29/2015,,2016-01-05,inferred_from_ship
Yes,ES-2015-AT1073545-42367,Western Europe,2015-12-29,12/29/2015,,2016-01-05,inferred_from_ship
Yes,ES-2015-AT1073545-42367,Western Europe,2015-12-29,12/29/2015,,2016-01-05,inferred_from_ship
Yes,ES-2015-AT1073545-42367,Western Europe,2015-12-29,12/29/2015,,2016-01-05,inferred_from_ship
Yes,ES-2015-AT1073545-42367,Western Europe,2015-12-29,12/29/2015,,2016-01-05,inferred_from_ship
Yes,ES-2015-AT1073545-42367,Western Europe,2015-12-29,12/29/2015,,2016-01-05,inferred_from_ship
Yes,ES-2014-PO1885048-41898,Western Europe,2014-09-19,9/16/2014,,2014-09-26,inferred_from_ship
Yes,ES-2014-PO1885048-41898,Western Europe,2014-09-19,9/16/2014,,2014-09-26,inferred_from_ship
Yes,ES-2014-PO1885048-41898,Western Europe,2014-09-19,9/16/2014,,2014-09-26,inferred_from_ship
Yes,ES-2014-PO1885048-41898,Western Europe,2014-09-19,9/16/2014,,2014-09-26,inferred_from_ship
Yes,ES-2014-PO1885048-41898,Western Europe,2014-09-19,9/16/2014,,2014-09-26,inferred_from_ship
Yes,ES-2014-PO1885048-41898,Western Europe,2014-09-19,9/16/2014,,2014-09-26,inferred_from_ship
Yes,CA-2015-EB13750140-42111,Southern US,2015-04-19,4/17/2015,,2015-04-26,inferred_from_ship
Yes,CA-2015-EB13750140-42111,Southern US,2015-04-19,4/17/2015,,2015-04-26,inferred_from_ship
Yes,EG-2015-AC66038-42250,North Africa,2015-09-07,9/3/2015,,2015-09-14,inferred_from_ship
Yes,EG-2015-AC66038-42250,North Africa,2015-09-07,9/3/2015,,2015-09-14,inferred_from_ship
Yes,EG-2015-AC66038-42250,North Africa,2015-09-07,9/3/2015,,2015-09-14,inferred_from_ship
Yes,EG-2015-AC66038-42250,North Africa,2015-09-07,9/3/2015,,2015-09-14,inferred_from_ship
Yes,EG-2015-AC66038-42250,North Africa,2015-09-07,9/3/2015,,2015-09-14,inferred_from_ship
Yes,IN-2013-TH2111558-41488,Southern Asia,2013-08-08,8/2/2013,,2013-08-15,inferred_from_ship
Yes,IN-2013-TH2111558-41488,Southern Asia,2013-08-08,8/2/2013,,2013-08-15,inferred_from_ship
Yes,ES-2012-GH14485139-41054,Northern Europe,2012-05-29,5/25/2012,,2012-06-05,inferred_from_ship
Yes,ES-2012-GH14485139-41054,Northern Europe,2012-05-29,5/25/2012,,2012-06-05,inferred_from_ship
Yes,ES-2012-GH14485139-41054,Northern Europe,2012-05-29,5/25/2012,,2012-06-05,inferred_from_ship
Yes,ES-2014-LL1684048-41986,Western Europe,2014-12-19,12/13/2014,,2014-12-26,inferred_from_ship
Yes,CA-2014-NS18640140-41985,Eastern US,2014-12-12,12/12/2014,,2014-12-19,inferred_from_ship
Yes,CA-2014-NS18640140-41985,Eastern US,2014-12-12,12/12/2014,,2014-12-19,inferred_from_ship
Yes,CA-2014-NS18640140-41985,Eastern US,2014-12-12,12/12/2014,,2014-12-19,inferred_from_ship
Yes,CA-2014-NS18640140-41985,Eastern US,2014-12-12,12/12/2014,,2014-12-19,inferred_from_ship
Yes,CA-2014-NS18640140-41985,Eastern US,2014-12-12,12/12/2014,,2014-12-19,inferred_from_ship
Yes,ID-2012-MD1786059-40965,Southeastern Asia,2012-02-29,2/26/2012,,2012-03-07,inferred_from_ship
Yes,ES-2012-TB2140048-40968,Western Europe,2012-03-04,2/29/2012,,2012-03-11,inferred_from_ship
Yes,ES-2012-TB2140048-40968,Western Europe,2012-03-04,2/29/2012,,2012-03-11,inferred_from_ship
Yes,ES-2012-TB2140048-40968,Western Europe,2012-03-04,2/29/2012,,2012-03-11,inferred_from_ship
Yes,RS-2015-TB11520108-42126,Eastern Europe,2015-05-04,5/2/2015,,2015-05-11,inferred_from_ship
Yes,ID-2015-BG1169588-42012,Southeastern Asia,2015-01-13,1/8/2015,,2015-01-20,inferred_from_ship
Yes,ID-2015-BG1169588-42012,Southeastern Asia,2015-01-13,1/8/2015,,2015-01-20,inferred_from_ship
Yes,ID-2015-BG1169588-42012,Southeastern Asia,2015-01-13,1/8/2015,,2015-01-20,inferred_from_ship
Yes,ID-2015-BG1169588-42012,Southeastern Asia,2015-01-13,1/8/2015,,2015-01-20,inferred_from_ship
Yes,CA-2014-ES14020140-41802,Eastern US,2014-06-14,6/12/2014,,2014-06-21,inferred_from_ship
Yes,ES-2015-HG14965120-42080,Southern Europe,2015-03-22,3/17/2015,,2015-03-29,inferred_from_ship
Yes,ES-2015-HG14965120-42080,Southern Europe,2015-03-22,3/17/2015,,2015-03-29,inferred_from_ship
Yes,ES-2015-HG14965120-42080,Southern Europe,2015-03-22,3/17/2015,,2015-03-29,inferred_from_ship
Yes,ES-2015-HG14965120-42080,Southern Europe,2015-03-22,3/17/2015,,2015-03-29,inferred_from_ship
Yes,MX-2012-SW2075593-41250,Central America,2012-12-13,12/7/2012,,2012-12-20,inferred_from_ship
Yes,MX-2012-SW2075593-41250,Central America,2012-12-13,12/7/2012,,2012-12-20,inferred_from_ship
Yes,CA-2012-BP11095140-41261,Western US,2012-12-20,12/18/2012,,2012-12-27,inferred_from_ship
Yes,CA-2012-BP11095140-41261,Western US,2012-12-20,12/18/2012,,2012-12-27,inferred_from_ship
Yes,CA-2012-BP11095140-41261,Western US,2012-12-20,12/18/2012,,2012-12-27,inferred_from_ship
Yes,CA-2012-BP11095140-41261,Western US,2012-12-20,12/18/2012,,2012-12-27,inferred_from_ship
Yes,IN-2014-BG110357-41735,Oceania,2014-04-10,4/6/2014,,2014-04-17,inferred_from_ship
Yes,IN-2014-BG110357-41735,Oceania,2014-04-10,4/6/2014,,2014-04-17,inferred_from_ship
Yes,IN-2014-BG110357-41735,Oceania,2014-04-10,4/6/2014,,2014-04-17,inferred_from_ship
Yes,IN-2014-BG110357-41735,Oceania,2014-04-10,4/6/2014,,2014-04-17,inferred_from_ship
Yes,IN-2014-BG110357-41735,Oceania,2014-04-10,4/6/2014,,2014-04-17,inferred_from_ship
Yes,ES-2015-EB1417064-42012,Southern Europe,2015-01-15,1/8/2015,,2015-01-22,inferred_from_ship
Yes,ES-2015-EB1417064-42012,Southern Europe,2015-01-15,1/8/2015,,2015-01-22,inferred_from_ship
Yes,MX-2015-EH1418531-42166,Caribbean,2015-06-17,6/11/2015,,2015-06-24,inferred_from_ship
Yes,IN-2015-DS1303058-42173,Southern Asia,2015-06-22,6/18/2015,,2015-06-29,inferred_from_ship
Yes,CA-2015-AG10900140-42126,Southern US,2015-05-03,5/2/2015,,2015-05-10,inferred_from_ship
Yes,CA-2015-AG10900140-42126,Southern US,2015-05-03,5/2/2015,,2015-05-10,inferred_from_ship
Yes,ES-2013-DE1325545-41278,Western Europe,2013-01-08,1/4/2013,,2013-01-15,inferred_from_ship
Yes,SA-2013-JD6150110-41600,Western Asia,2013-11-24,11/22/2013,,2013-12-01,inferred_from_ship
Yes,ID-2015-HA1490592-42287,Oceania,2015-10-14,10/10/2015,,2015-10-21,inferred_from_ship
Yes,ID-2015-HA1490592-42287,Oceania,2015-10-14,10/10/2015,,2015-10-21,inferred_from_ship
Yes,ID-2015-HA1490592-42287,Oceania,2015-10-14,10/10/2015,,2015-10-21,inferred_from_ship
Yes,ID-2015-HA1490592-42287,Oceania,2015-10-14,10/10/2015,,2015-10-21,inferred_from_ship
Yes,ID-2015-HA1490592-42287,Oceania,2015-10-14,10/10/2015,,2015-10-21,inferred_from_ship
Yes,CA-2013-IM15070140-41459,Central US,2013-07-09,7/4/2013,,2013-07-16,inferred_from_ship
Yes,US-2015-TZ2144518-42259,South America,2015-09-19,9/12/2015,,2015-09-26,inferred_from_ship
Yes,US-2015-TZ2144518-42259,South America,2015-09-19,9/12/2015,,2015-09-26,inferred_from_ship
Yes,ES-2015-DK1309045-42158,Western Europe,2015-06-09,6/3/2015,,2015-06-16,inferred_from_ship
Yes,ES-2015-DK1309045-42158,Western Europe,2015-06-09,6/3/2015,,2015-06-16,inferred_from_ship
Yes,MX-2013-PT1909082-41579,Central America,2013-11-03,11/1/2013,,2013-11-10,inferred_from_ship
Yes,MX-2013-PT1909082-41579,Central America,2013-11-03,11/1/2013,,2013-11-10,inferred_from_ship
Yes,ES-2015-EB141108-42267,Western Europe,2015-09-23,9/20/2015,,2015-09-30,inferred_from_ship
Yes,ES-2015-EB141108-42267,Western Europe,2015-09-23,9/20/2015,,2015-09-30,inferred_from_ship
Yes,ES-2015-EB141108-42267,Western Europe,2015-09-23,9/20/2015,,2015-09-30,inferred_from_ship
Yes,SF-2014-JD6060117-41648,Southern Africa,2014-01-12,1/9/2014,,2014-01-19,inferred_from_ship
Yes,SF-2014-JD6060117-41648,Southern Africa,2014-01-12,1/9/2014,,2014-01-19,inferred_from_ship
Yes,SF-2014-JD6060117-41648,Southern Africa,2014-01-12,1/9/2014,,2014-01-19,inferred_from_ship
Yes,ES-2015-AR1051045-42234,Western Europe,2015-08-18,8/18/2015,,2015-08-25,inferred_from_ship
Yes,ES-2015-AR1051045-42234,Western Europe,2015-08-18,8/18/2015,,2015-08-25,inferred_from_ship
Yes,ES-2015-AR1051045-42234,Western Europe,2015-08-18,8/18/2015,,2015-08-25,inferred_from_ship
Yes,IN-2013-CL1270027-41555,Eastern Asia,2013-10-15,10/8/2013,,2013-10-22,inferred_from_ship
Yes,ES-2015-AH1012045-42057,Western Europe,2015-02-22,2/22/2015,,2015-03-01,inferred_from_ship
Yes,ES-2015-AH1012045-42057,Western Europe,2015-02-22,2/22/2015,,2015-03-01,inferred_from_ship
Yes,ES-2015-AH1012045-42057,Western Europe,2015-02-22,2/22/2015,,2015-03-01,inferred_from_ship
Yes,IT-2013-ZD2192548-41503,Western Europe,2013-08-22,8/17/2013,,2013-08-29,inferred_from_ship
Yes,IN-2014-DJ1342058-41646,Southern Asia,2014-01-13,1/7/2014,,2014-01-20,inferred_from_ship
Yes,IN-2014-DJ1342058-41646,Southern Asia,2014-01-13,1/7/2014,,2014-01-20,inferred_from_ship
Yes,IN-2014-DJ1342058-41646,Southern Asia,2014-01-13,1/7/2014,,2014-01-20,inferred_from_ship
Yes,IN-2014-DJ1342058-41646,Southern Asia,2014-01-13,1/7/2014,,2014-01-20,inferred_from_ship
Yes,IN-2014-DJ1342058-41646,Southern Asia,2014-01-13,1/7/2014,,2014-01-20,inferred_from_ship
Yes,ES-2014-LC1705048-41718,Western Europe,2014-03-24,3/20/2014,,2014-03-31,inferred_from_ship
Yes,ES-2014-LC1705048-41718,Western Europe,2014-03-24,3/20/2014,,2014-03-31,inferred_from_ship
Yes,MX-2014-AJ1096031-41801,Caribbean,2014-06-16,6/11/2014,,2014-06-23,inferred_from_ship
Yes,MX-2014-AJ1096031-41801,Caribbean,2014-06-16,6/11/2014,,2014-06-23,inferred_from_ship
Yes,MX-2014-AJ1096031-41801,Caribbean,2014-06-16,6/11/2014,,2014-06-23,inferred_from_ship
Yes,MX-2014-AJ1096031-41801,Caribbean,2014-06-16,6/11/2014,,2014-06-23,inferred_from_ship
Yes,MX-2014-AJ1096031-41801,Caribbean,2014-06-16,6/11/2014,,2014-06-23,inferred_from_ship
Yes,MX-2014-AJ1096031-41801,Caribbean,2014-06-16,6/11/2014,,2014-06-23,inferred_from_ship
Yes,MX-2014-AJ1096031-41801,Caribbean,2014-06-16,6/11/2014,,2014-06-23,inferred_from_ship
Yes,MX-2014-AJ1096031-41801,Caribbean,2014-06-16,6/11/2014,,2014-06-23,inferred_from_ship
Yes,CA-2014-CP12340140-41808,Eastern US,2014-06-23,6/18/2014,,2014-06-30,inferred_from_ship
Yes,CA-2014-CP12340140-41808,Eastern US,2014-06-23,6/18/2014,,2014-06-30,inferred_from_ship
Yes,CA-2014-CP12340140-41808,Eastern US,2014-06-23,6/18/2014,,2014-06-30,inferred_from_ship
Yes,IN-2013-JK1609027-41615,Eastern Asia,2013-12-09,12/7/2013,,2013-12-16,inferred_from_ship
Yes,IN-2013-JK1609027-41615,Eastern Asia,2013-12-09,12/7/2013,,2013-12-16,inferred_from_ship
Yes,IN-2013-JK1609027-41615,Eastern Asia,2013-12-09,12/7/2013,,2013-12-16,inferred_from_ship
Yes,IN-2013-JK1609027-41615,Eastern Asia,2013-12-09,12/7/2013,,2013-12-16,inferred_from_ship
Yes,IN-2013-JK1609027-41615,Eastern Asia,2013-12-09,12/7/2013,,2013-12-16,inferred_from_ship
Yes,IN-2013-JK1609027-41615,Eastern Asia,2013-12-09,12/7/2013,,2013-12-16,inferred_from_ship
Yes,IN-2013-JK1609027-41615,Eastern Asia,2013-12-09,12/7/2013,,2013-12-16,inferred_from_ship
Yes,IN-2013-JK1609027-41615,Eastern Asia,2013-12-09,12/7/2013,,2013-12-16,inferred_from_ship
Yes,IN-2013-JK1609027-41615,Eastern Asia,2013-12-09,12/7/2013,,2013-12-16,inferred_from_ship
Yes,IN-2013-JK1609027-41615,Eastern Asia,2013-12-09,12/7/2013,,2013-12-16,inferred_from_ship
Yes,IN-2013-JK1609027-41615,Eastern Asia,2013-12-09,12/7/2013,,2013-12-16,inferred_from_ship
Yes,AJ-2013-SG108909-41580,Western Asia,2013-11-05,11/2/2013,,2013-11-12,inferred_from_ship
Yes,AJ-2013-SG108909-41580,Western Asia,2013-11-05,11/2/2013,,2013-11-12,inferred_from_ship
Yes,MX-2015-DV1304593-42215,Central America,2015-08-03,7/30/2015,,2015-08-10,inferred_from_ship
Yes,ES-2013-TP2156545-41598,Western Europe,2013-11-25,11/20/2013,,2013-12-02,inferred_from_ship
Yes,ES-2013-TP2156545-41598,Western Europe,2013-11-25,11/20/2013,,2013-12-02,inferred_from_ship
Yes,ES-2013-TP2156545-41598,Western Europe,2013-11-25,11/20/2013,,2013-12-02,inferred_from_ship
Yes,US-2015-HG1484551-42171,Central America,2015-06-22,6/16/2015,,2015-06-29,inferred_from_ship
Yes,US-2015-HG1484551-42171,Central America,2015-06-22,6/16/2015,,2015-06-29,inferred_from_ship
Yes,IN-2014-AM103607-41864,Oceania,2014-08-14,8/13/2014,,2014-08-21,inferred_from_ship
Yes,IN-2014-AM103607-41864,Oceania,2014-08-14,8/13/2014,,2014-08-21,inferred_from_ship
Yes,IN-2014-AM103607-41864,Oceania,2014-08-14,8/13/2014,,2014-08-21,inferred_from_ship
Yes,CA-2015-DO13645140-42263,Western US,2015-09-18,9/16/2015,,2015-09-25,inferred_from_ship
Yes,ES-2014-JP1552045-41871,Western Europe,2014-08-25,8/20/2014,,2014-09-01,inferred_from_ship
Yes,ES-2014-JP1552045-41871,Western Europe,2014-08-25,8/20/2014,,2014-09-01,inferred_from_ship
Yes,ES-2014-JP1552045-41871,Western Europe,2014-08-25,8/20/2014,,2014-09-01,inferred_from_ship
Yes,ES-2014-JP1552045-41871,Western Europe,2014-08-25,8/20/2014,,2014-09-01,inferred_from_ship
Yes,ES-2014-JP1552045-41871,Western Europe,2014-08-25,8/20/2014,,2014-09-01,inferred_from_ship
Yes,ES-2014-JP1552045-41871,Western Europe,2014-08-25,8/20/2014,,2014-09-01,inferred_from_ship
Yes,ES-2014-JP1552045-41871,Western Europe,2014-08-25,8/20/2014,,2014-09-01,inferred_from_ship
Yes,ES-2014-JP1552045-41871,Western Europe,2014-08-25,8/20/2014,,2014-09-01,inferred_from_ship
Yes,MX-2013-JR1621037-41627,South America,2013-12-26,12/19/2013,,2014-01-02,inferred_from_ship
Yes,MX-2013-JR1621037-41627,South America,2013-12-26,12/19/2013,,2014-01-02,inferred_from_ship
Yes,MX-2013-JR1621037-41627,South America,2013-12-26,12/19/2013,,2014-01-02,inferred_from_ship
Yes,MX-2013-RL1961582-41572,Central America,2013-10-27,10/25/2013,,2013-11-03,inferred_from_ship
Yes,ES-2014-EP1391548-42004,Western Europe,2015-01-06,12/31/2014,,2015-01-13,inferred_from_ship
Yes,IN-2013-CD1228058-41311,Southern Asia,2013-02-11,2/6/2013,,2013-02-18,inferred_from_ship
Yes,IN-2013-CD1228058-41311,Southern Asia,2013-02-11,2/6/2013,,2013-02-18,inferred_from_ship
Yes,MX-2013-EC1405018-41599,South America,2013-11-23,11/21/2013,,2013-11-30,inferred_from_ship
Yes,MX-2013-EC1405018-41599,South America,2013-11-23,11/21/2013,,2013-11-30,inferred_from_ship
Yes,MX-2013-EC1405018-41599,South America,2013-11-23,11/21/2013,,2013-11-30,inferred_from_ship
Yes,MX-2013-PO1885051-41338,Central America,2013-03-12,3/5/2013,,2013-03-19,inferred_from_ship
Yes,CA-2012-FP14320140-41251,Eastern US,2012-12-14,12/8/2012,,2012-12-21,inferred_from_ship
Yes,CA-2012-FP14320140-41251,Eastern US,2012-12-14,12/8/2012,,2012-12-21,inferred_from_ship
Yes,MX-2012-YS2188093-41060,Central America,2012-06-05,5/31/2012,,2012-06-12,inferred_from_ship
Yes,IN-2013-CC1261027-41286,Eastern Asia,2013-01-16,1/12/2013,,2013-01-23,inferred_from_ship
Yes,IN-2013-CC1261027-41286,Eastern Asia,2013-01-16,1/12/2013,,2013-01-23,inferred_from_ship
Yes,IN-2013-CC1261027-41286,Eastern Asia,2013-01-16,1/12/2013,,2013-01-23,inferred_from_ship
Yes,IN-2014-DB1321027-41899,Eastern Asia,2014-09-19,9/17/2014,,2014-09-26,inferred_from_ship
Yes,IN-2014-DB1321027-41899,Eastern Asia,2014-09-19,9/17/2014,,2014-09-26,inferred_from_ship
Yes,MX-2014-JR1570036-41775,Caribbean,2014-05-20,5/16/2014,,2014-05-27,inferred_from_ship
Yes,CA-2013-VD21670140-41583,Southern US,2013-11-09,11/5/2013,,2013-11-16,inferred_from_ship
Yes,CA-2014-BM11785140-41835,Central US,2014-07-17,7/15/2014,,2014-07-24,inferred_from_ship
Yes,ES-2014-JP16135139-41899,Northern Europe,2014-09-21,9/17/2014,,2014-09-28,inferred_from_ship
Yes,US-2012-KB1631598-41064,Central America,2012-06-09,6/4/2012,,2012-06-16,inferred_from_ship
Yes,US-2012-KB1631598-41064,Central America,2012-06-09,6/4/2012,,2012-06-16,inferred_from_ship
Yes,US-2012-KB1631598-41064,Central America,2012-06-09,6/4/2012,,2012-06-16,inferred_from_ship
Yes,US-2012-KB1631598-41064,Central America,2012-06-09,6/4/2012,,2012-06-16,inferred_from_ship
Yes,US-2012-KB1631598-41064,Central America,2012-06-09,6/4/2012,,2012-06-16,inferred_from_ship
Yes,IN-2012-AM10705130-41151,Southeastern Asia,2012-09-02,8/30/2012,,2012-09-09,inferred_from_ship
Yes,IN-2012-AM10705130-41151,Southeastern Asia,2012-09-02,8/30/2012,,2012-09-09,inferred_from_ship
Yes,IN-2012-AM10705130-41151,Southeastern Asia,2012-09-02,8/30/2012,,2012-09-09,inferred_from_ship
Yes,IN-2012-AM10705130-41151,Southeastern Asia,2012-09-02,8/30/2012,,2012-09-09,inferred_from_ship
Yes,MX-2015-SC2038093-42151,Central America,2015-05-31,5/27/2015,,2015-06-07,inferred_from_ship
Yes,MX-2015-SC2038093-42151,Central America,2015-05-31,5/27/2015,,2015-06-07,inferred_from_ship
Yes,MX-2015-SC2038093-42151,Central America,2015-05-31,5/27/2015,,2015-06-07,inferred_from_ship
Yes,MX-2015-SC2038093-42151,Central America,2015-05-31,5/27/2015,,2015-06-07,inferred_from_ship
Yes,GH-2013-MH729049-41615,Western Africa,2013-12-14,12/7/2013,,2013-12-21,inferred_from_ship
Yes,GH-2013-MH729049-41615,Western Africa,2013-12-14,12/7/2013,,2013-12-21,inferred_from_ship
Yes,GH-2013-MH729049-41615,Western Africa,2013-12-14,12/7/2013,,2013-12-21,inferred_from_ship
Yes,IN-2013-NC1834058-41385,Southern Asia,2013-04-24,4/21/2013,,2013-05-01,inferred_from_ship
Yes,IN-2013-NC1834058-41385,Southern Asia,2013-04-24,4/21/2013,,2013-05-01,inferred_from_ship
Yes,CA-2013-EB14110140-41377,Western US,2013-04-17,4/13/2013,,2013-04-24,inferred_from_ship
Yes,CA-2013-EB14110140-41377,Western US,2013-04-17,4/13/2013,,2013-04-24,inferred_from_ship
Yes,IN-2015-JF1549078-42334,Southeastern Asia,2015-11-30,11/26/2015,,2015-12-07,inferred_from_ship
Yes,ID-2015-HM148607-42243,Oceania,2015-09-01,8/27/2015,,2015-09-08,inferred_from_ship
Yes,ID-2015-HM148607-42243,Oceania,2015-09-01,8/27/2015,,2015-09-08,inferred_from_ship
Yes,CA-2014-NS18505140-41968,Central US,2014-11-27,11/25/2014,,2014-12-04,inferred_from_ship
Yes,CA-2014-NS18505140-41968,Central US,2014-11-27,11/25/2014,,2014-12-04,inferred_from_ship
Yes,CA-2014-NS18505140-41968,Central US,2014-11-27,11/25/2014,,2014-12-04,inferred_from_ship
Yes,CA-2014-NS18505140-41968,Central US,2014-11-27,11/25/2014,,2014-12-04,inferred_from_ship
Yes,CA-2014-NS18505140-41968,Central US,2014-11-27,11/25/2014,,2014-12-04,inferred_from_ship
Yes,CA-2014-NS18505140-41968,Central US,2014-11-27,11/25/2014,,2014-12-04,inferred_from_ship
Yes,ID-2013-AO1081059-41556,Southeastern Asia,2013-10-13,10/9/2013,,2013-10-20,inferred_from_ship
Yes,ID-2013-AO1081059-41556,Southeastern Asia,2013-10-13,10/9/2013,,2013-10-20,inferred_from_ship
Yes,CA-2015-VW21775140-42326,Eastern US,2015-11-23,11/18/2015,,2015-11-30,inferred_from_ship
Yes,MO-2013-NK849086-41366,North Africa,2013-04-06,4/2/2013,,2013-04-13,inferred_from_ship
Yes,MO-2013-NK849086-41366,North Africa,2013-04-06,4/2/2013,,2013-04-13,inferred_from_ship
Yes,MO-2013-NK849086-41366,North Africa,2013-04-06,4/2/2013,,2013-04-13,inferred_from_ship
Yes,MO-2013-NK849086-41366,North Africa,2013-04-06,4/2/2013,,2013-04-13,inferred_from_ship
Yes,IN-2014-KL1655592-41857,Oceania,2014-08-12,8/6/2014,,2014-08-19,inferred_from_ship
Yes,CA-2014-SN20560140-41817,Central US,2014-06-27,6/27/2014,,2014-07-04,inferred_from_ship
Yes,CA-2014-SN20560140-41817,Central US,2014-06-27,6/27/2014,,2014-07-04,inferred_from_ship
Yes,CA-2014-SN20560140-41817,Central US,2014-06-27,6/27/2014,,2014-07-04,inferred_from_ship
Yes,MX-2014-SJ2012539-41908,Central America,2014-09-30,9/26/2014,,2014-10-07,inferred_from_ship
Yes,MX-2014-SJ2012539-41908,Central America,2014-09-30,9/26/2014,,2014-10-07,inferred_from_ship
Yes,MX-2014-SJ2012539-41908,Central America,2014-09-30,9/26/2014,,2014-10-07,inferred_from_ship
Yes,MX-2015-DP1316593-42293,Central America,2015-10-19,10/16/2015,,2015-10-26,inferred_from_ship
Yes,ES-2013-MN1793548-41466,Western Europe,2013-07-17,7/11/2013,,2013-07-24,inferred_from_ship
Yes,ES-2013-MN1793548-41466,Western Europe,2013-07-17,7/11/2013,,2013-07-24,inferred_from_ship
Yes,ES-2013-MN1793548-41466,Western Europe,2013-07-17,7/11/2013,,2013-07-24,inferred_from_ship
Yes,SA-2014-SJ10125110-41944,Western Asia,2014-11-07,11/1/2014,,2014-11-14,inferred_from_ship
Yes,SA-2014-SJ10125110-41944,Western Asia,2014-11-07,11/1/2014,,2014-11-14,inferred_from_ship
Yes,SA-2014-SJ10125110-41944,Western Asia,2014-11-07,11/1/2014,,2014-11-14,inferred_from_ship
Yes,IT-2015-ME18010124-42235,Northern Europe,2015-08-22,8/19/2015,,2015-08-29,inferred_from_ship
Yes,CA-2015-AD10180140-42340,Eastern US,2015-12-07,12/2/2015,,2015-12-14,inferred_from_ship
Yes,CA-2015-AD10180140-42340,Eastern US,2015-12-07,12/2/2015,,2015-12-14,inferred_from_ship
Yes,ID-2014-TB2125059-41973,Southeastern Asia,2014-12-02,11/30/2014,,2014-12-09,inferred_from_ship
Yes,ID-2014-TB2125059-41973,Southeastern Asia,2014-12-02,11/30/2014,,2014-12-09,inferred_from_ship
Yes,ID-2014-TB2125059-41973,Southeastern Asia,2014-12-02,11/30/2014,,2014-12-09,inferred_from_ship
Yes,IN-2013-PS187607-41402,Oceania,2013-05-12,5/8/2013,,2013-05-19,inferred_from_ship
Yes,CA-2012-MC17425140-41058,Central US,2012-06-02,5/29/2012,,2012-06-09,inferred_from_ship
Yes,US-2014-DA134505-41926,South America,2014-10-14,10/14/2014,,2014-10-21,inferred_from_ship
Yes,ID-2015-EN137807-42312,Oceania,2015-11-09,11/4/2015,,2015-11-16,inferred_from_ship
Yes,ID-2015-EN137807-42312,Oceania,2015-11-09,11/4/2015,,2015-11-16,inferred_from_ship
Yes,ID-2015-EN137807-42312,Oceania,2015-11-09,11/4/2015,,2015-11-16,inferred_from_ship
Yes,ID-2015-EN137807-42312,Oceania,2015-11-09,11/4/2015,,2015-11-16,inferred_from_ship
Yes,MX-2015-CB1241598-42333,Central America,2015-11-30,11/25/2015,,2015-12-07,inferred_from_ship
Yes,MX-2015-CB1241598-42333,Central America,2015-11-30,11/25/2015,,2015-12-07,inferred_from_ship
Yes,MX-2015-CB1241598-42333,Central America,2015-11-30,11/25/2015,,2015-12-07,inferred_from_ship
Yes,HU-2015-JP552057-42249,Eastern Europe,2015-09-09,9/2/2015,,2015-09-16,inferred_from_ship
Yes,HU-2015-JP552057-42249,Eastern Europe,2015-09-09,9/2/2015,,2015-09-16,inferred_from_ship
Yes,HU-2015-JP552057-42249,Eastern Europe,2015-09-09,9/2/2015,,2015-09-16,inferred_from_ship
Yes,CA-2012-KH16630140-41213,Southern US,2012-11-04,10/31/2012,,2012-11-11,inferred_from_ship
Yes,CA-2012-KH16630140-41213,Southern US,2012-11-04,10/31/2012,,2012-11-11,inferred_from_ship
Yes,CA-2012-KH16630140-41213,Southern US,2012-11-04,10/31/2012,,2012-11-11,inferred_from_ship
Yes,CA-2012-KH16630140-41213,Southern US,2012-11-04,10/31/2012,,2012-11-11,inferred_from_ship
Yes,CA-2012-BS11755140-41046,Eastern US,2012-05-23,5/17/2012,,2012-05-30,inferred_from_ship
Yes,US-2015-SJ2021554-42255,Caribbean,2015-09-10,9/8/2015,,2015-09-17,inferred_from_ship
Yes,US-2015-SJ2021554-42255,Caribbean,2015-09-10,9/8/2015,,2015-09-17,inferred_from_ship
Yes,MX-2012-KT1646518-41017,South America,2012-04-24,4/18/2012,,2012-05-01,inferred_from_ship
Yes,MX-2012-KT1646518-41017,South America,2012-04-24,4/18/2012,,2012-05-01,inferred_from_ship
Yes,MX-2015-AS1028518-42351,South America,2015-12-16,12/13/2015,,2015-12-23,inferred_from_ship
Yes,MX-2015-AS1028518-42351,South America,2015-12-16,12/13/2015,,2015-12-23,inferred_from_ship
Yes,MX-2015-AS1028518-42351,South America,2015-12-16,12/13/2015,,2015-12-23,inferred_from_ship
Yes,MX-2015-SC2068082-42231,Central America,2015-08-22,8/15/2015,,2015-08-29,inferred_from_ship
Yes,ES-2014-MW1822048-41998,Western Europe,2015-01-01,12/25/2014,,2015-01-08,inferred_from_ship
Yes,ES-2014-MW1822048-41998,Western Europe,2015-01-01,12/25/2014,,2015-01-08,inferred_from_ship
Yes,ES-2014-MW1822048-41998,Western Europe,2015-01-01,12/25/2014,,2015-01-08,inferred_from_ship
Yes,MX-2013-MF1766551-41402,Central America,2013-05-13,5/8/2013,,2013-05-20,inferred_from_ship
Yes,MX-2013-MF1766551-41402,Central America,2013-05-13,5/8/2013,,2013-05-20,inferred_from_ship
Yes,MX-2013-MF1766551-41402,Central America,2013-05-13,5/8/2013,,2013-05-20,inferred_from_ship
Yes,CA-2014-JM15535140-41998,Eastern US,2014-12-29,12/25/2014,,2015-01-05,inferred_from_ship
Yes,CA-2012-CC247523-41031,Eastern Canada,2012-05-08,5/2/2012,,2012-05-15,inferred_from_ship
Yes,CA-2012-CC247523-41031,Eastern Canada,2012-05-08,5/2/2012,,2012-05-15,inferred_from_ship
Yes,CA-2012-NC18535140-41112,Western US,2012-07-26,7/22/2012,,2012-08-02,inferred_from_ship
Yes,CA-2012-NC18535140-41112,Western US,2012-07-26,7/22/2012,,2012-08-02,inferred_from_ship
Yes,CA-2012-NC18535140-41112,Western US,2012-07-26,7/22/2012,,2012-08-02,inferred_from_ship
Yes,CA-2012-NC18535140-41112,Western US,2012-07-26,7/22/2012,,2012-08-02,inferred_from_ship
Yes,IN-2013-MM172607-41395,Oceania,2013-05-07,5/1/2013,,2013-05-14,inferred_from_ship
Yes,IN-2013-PR1888027-41430,Eastern Asia,2013-06-08,6/5/2013,,2013-06-15,inferred_from_ship
Yes,NI-2014-RA994595-41979,Western Africa,2014-12-07,12/6/2014,,2014-12-14,inferred_from_ship
Yes,US-2012-RB19435140-41237,Western US,2012-11-28,11/24/2012,,2012-12-05,inferred_from_ship
Yes,US-2012-RB19435140-41237,Western US,2012-11-28,11/24/2012,,2012-12-05,inferred_from_ship
Yes,US-2012-RB19435140-41237,Western US,2012-11-28,11/24/2012,,2012-12-05,inferred_from_ship
Yes,ES-2014-LP17095139-41772,Northern Europe,2014-05-18,5/13/2014,,2014-05-25,inferred_from_ship
Yes,ES-2014-LP17095139-41772,Northern Europe,2014-05-18,5/13/2014,,2014-05-25,inferred_from_ship
Yes,ES-2014-LP17095139-41772,Northern Europe,2014-05-18,5/13/2014,,2014-05-25,inferred_from_ship
Yes,MX-2014-FA1423055-41976,Central America,2014-12-04,12/3/2014,,2014-12-11,inferred_from_ship
Yes,IN-2014-SH19975130-41975,Southeastern Asia,2014-12-08,12/2/2014,,2014-12-15,inferred_from_ship
Yes,IN-2014-SH19975130-41975,Southeastern Asia,2014-12-08,12/2/2014,,2014-12-15,inferred_from_ship
Yes,IN-2014-SH19975130-41975,Southeastern Asia,2014-12-08,12/2/2014,,2014-12-15,inferred_from_ship
Yes,CA-2014-GK14620140-41753,Western US,2014-04-28,4/24/2014,,2014-05-05,inferred_from_ship
Yes,CA-2014-GK14620140-41753,Western US,2014-04-28,4/24/2014,,2014-05-05,inferred_from_ship
Yes,US-2012-DK1289598-41166,Central America,2012-09-19,9/14/2012,,2012-09-26,inferred_from_ship
Yes,US-2012-DK1289598-41166,Central America,2012-09-19,9/14/2012,,2012-09-26,inferred_from_ship
Yes,ES-2014-AB10165139-41888,Northern Europe,2014-09-10,9/6/2014,,2014-09-17,inferred_from_ship
Yes,ES-2014-AB10165139-41888,Northern Europe,2014-09-10,9/6/2014,,2014-09-17,inferred_from_ship
Yes,US-2014-SP20860140-41968,Western US,2014-12-01,11/25/2014,,2014-12-08,inferred_from_ship
Yes,US-2014-SP20860140-41968,Western US,2014-12-01,11/25/2014,,2014-12-08,inferred_from_ship
Yes,US-2014-SP20860140-41968,Western US,2014-12-01,11/25/2014,,2014-12-08,inferred_from_ship
Yes,IT-2012-GD1459091-40988,Western Europe,2012-03-26,3/20/2012,,2012-04-02,inferred_from_ship
Yes,IN-2014-NB1865527-41858,Eastern Asia,2014-08-07,8/7/2014,,2014-08-14,inferred_from_ship
Yes,PL-2012-JD5790103-41249,Eastern Europe,2012-12-07,12/6/2012,,2012-12-14,inferred_from_ship
Yes,PL-2012-JD5790103-41249,Eastern Europe,2012-12-07,12/6/2012,,2012-12-14,inferred_from_ship
Yes,KE-2015-JH598569-42317,Eastern Africa,2015-11-13,11/9/2015,,2015-11-20,inferred_from_ship
Yes,KE-2015-JH598569-42317,Eastern Africa,2015-11-13,11/9/2015,,2015-11-20,inferred_from_ship
Yes,MX-2014-DC1328518-41751,South America,2014-04-26,4/22/2014,,2014-05-03,inferred_from_ship
Yes,MX-2014-DC1328518-41751,South America,2014-04-26,4/22/2014,,2014-05-03,inferred_from_ship
Yes,MX-2014-DC1328518-41751,South America,2014-04-26,4/22/2014,,2014-05-03,inferred_from_ship
Yes,ES-2014-HG1502548-41783,Western Europe,2014-05-26,5/24/2014,,2014-06-02,inferred_from_ship
Yes,ES-2014-HG1502548-41783,Western Europe,2014-05-26,5/24/2014,,2014-06-02,inferred_from_ship
Yes,ES-2014-HG1502548-41783,Western Europe,2014-05-26,5/24/2014,,2014-06-02,inferred_from_ship
Yes,IV-2014-AM70529-41678,Western Africa,2014-02-12,2/8/2014,,2014-02-19,inferred_from_ship
Yes,IV-2014-AM70529-41678,Western Africa,2014-02-12,2/8/2014,,2014-02-19,inferred_from_ship
Yes,RO-2014-ND8370107-41839,Eastern Europe,2014-07-24,7/19/2014,,2014-07-31,inferred_from_ship
Yes,EG-2015-AY55538-42121,North Africa,2015-05-01,4/27/2015,,2015-05-08,inferred_from_ship
Yes,MO-2014-KH669086-41830,North Africa,2014-07-10,7/10/2014,,2014-07-17,inferred_from_ship
Yes,IN-2014-SR2074027-41767,Eastern Asia,2014-05-10,5/8/2014,,2014-05-17,inferred_from_ship
Yes,IN-2013-MF176657-41300,Oceania,2013-01-28,1/26/2013,,2013-02-04,inferred_from_ship
Yes,IN-2013-MF176657-41300,Oceania,2013-01-28,1/26/2013,,2013-02-04,inferred_from_ship
Yes,ES-2013-HM1498064-41289,Southern Europe,2013-01-17,1/15/2013,,2013-01-24,inferred_from_ship
Yes,ES-2013-HM1498064-41289,Southern Europe,2013-01-17,1/15/2013,,2013-01-24,inferred_from_ship
Yes,MX-2015-DL1331582-42335,Central America,2015-11-29,11/27/2015,,2015-12-06,inferred_from_ship
Yes,US-2013-MW1822036-41387,Caribbean,2013-04-25,4/23/2013,,2013-05-02,inferred_from_ship
Yes,US-2014-BG11695140-42001,Central US,2015-01-01,12/28/2014,,2015-01-08,inferred_from_ship
Yes,MX-2014-SW2075582-41811,Central America,2014-06-25,6/21/2014,,2014-07-02,inferred_from_ship
Yes,MX-2014-SW2075582-41811,Central America,2014-06-25,6/21/2014,,2014-07-02,inferred_from_ship
Yes,MO-2014-MO795086-41706,North Africa,2014-03-13,3/8/2014,,2014-03-20,inferred_from_ship
Yes,MO-2014-MO795086-41706,North Africa,2014-03-13,3/8/2014,,2014-03-20,inferred_from_ship
Yes,MX-2015-PO1885082-42279,Central America,2015-10-07,10/2/2015,,2015-10-14,inferred_from_ship
Yes,MX-2015-PO1885082-42279,Central America,2015-10-07,10/2/2015,,2015-10-14,inferred_from_ship
Yes,MX-2015-PO1885082-42279,Central America,2015-10-07,10/2/2015,,2015-10-14,inferred_from_ship
Yes,MX-2015-PO1885082-42279,Central America,2015-10-07,10/2/2015,,2015-10-14,inferred_from_ship
Yes,MX-2015-PO1885082-42279,Central America,2015-10-07,10/2/2015,,2015-10-14,inferred_from_ship
Yes,MX-2015-PO1885082-42279,Central America,2015-10-07,10/2/2015,,2015-10-14,inferred_from_ship
Yes,MX-2015-PO1885082-42279,Central America,2015-10-07,10/2/2015,,2015-10-14,inferred_from_ship
Yes,MX-2015-PO1885082-42279,Central America,2015-10-07,10/2/2015,,2015-10-14,inferred_from_ship
Yes,MX-2015-PO1885082-42279,Central America,2015-10-07,10/2/2015,,2015-10-14,inferred_from_ship
Yes,MX-2015-PO1885082-42279,Central America,2015-10-07,10/2/2015,,2015-10-14,inferred_from_ship
Yes,MX-2015-PO1885082-42279,Central America,2015-10-07,10/2/2015,,2015-10-14,inferred_from_ship
Yes,MX-2015-PO1885082-42279,Central America,2015-10-07,10/2/2015,,2015-10-14,inferred_from_ship
Yes,MX-2015-PO1885082-42279,Central America,2015-10-07,10/2/2015,,2015-10-14,inferred_from_ship
Yes,US-2014-DR12880140-41723,Western US,2014-03-29,3/25/2014,,2014-04-05,inferred_from_ship
Yes,CA-2012-AG10525140-41153,Central US,2012-09-06,9/1/2012,,2012-09-13,inferred_from_ship
Yes,IT-2013-KH1669045-41490,Western Europe,2013-08-10,8/4/2013,,2013-08-17,inferred_from_ship
Yes,IT-2013-KH1669045-41490,Western Europe,2013-08-10,8/4/2013,,2013-08-17,inferred_from_ship
Yes,IT-2013-KH1669045-41490,Western Europe,2013-08-10,8/4/2013,,2013-08-17,inferred_from_ship
Yes,IT-2013-KH1669045-41490,Western Europe,2013-08-10,8/4/2013,,2013-08-17,inferred_from_ship
Yes,IT-2013-KH1669045-41490,Western Europe,2013-08-10,8/4/2013,,2013-08-17,inferred_from_ship
Yes,IT-2013-KH1669045-41490,Western Europe,2013-08-10,8/4/2013,,2013-08-17,inferred_from_ship
Yes,US-2012-JP155205-41153,South America,2012-09-05,9/1/2012,,2012-09-12,inferred_from_ship
Yes,US-2012-JP155205-41153,South America,2012-09-05,9/1/2012,,2012-09-12,inferred_from_ship
Yes,US-2012-JP155205-41153,South America,2012-09-05,9/1/2012,,2012-09-12,inferred_from_ship
Yes,US-2012-JP155205-41153,South America,2012-09-05,9/1/2012,,2012-09-12,inferred_from_ship
Yes,US-2012-JP155205-41153,South America,2012-09-05,9/1/2012,,2012-09-12,inferred_from_ship
Yes,US-2012-JP155205-41153,South America,2012-09-05,9/1/2012,,2012-09-12,inferred_from_ship
Yes,CG-2015-AM70533-42233,Central Africa,2015-08-21,8/17/2015,,2015-08-28,inferred_from_ship
Yes,CA-2015-AJ10945140-42248,Central US,2015-09-06,9/1/2015,,2015-09-13,inferred_from_ship
Yes,MX-2013-SO2033526-41400,South America,2013-05-10,5/6/2013,,2013-05-17,inferred_from_ship
Yes,IN-2012-TS2150559-40990,Southeastern Asia,2012-03-25,3/22/2012,,2012-04-01,inferred_from_ship
Yes,IN-2012-TS2150559-40990,Southeastern Asia,2012-03-25,3/22/2012,,2012-04-01,inferred_from_ship
Yes,IN-2012-TS2150559-40990,Southeastern Asia,2012-03-25,3/22/2012,,2012-04-01,inferred_from_ship
Yes,IN-2012-TS2150559-40990,Southeastern Asia,2012-03-25,3/22/2012,,2012-04-01,inferred_from_ship
Yes,IN-2012-TS2150559-40990,Southeastern Asia,2012-03-25,3/22/2012,,2012-04-01,inferred_from_ship
Yes,CA-2015-MV17485140-42333,Western US,2015-11-30,11/25/2015,,2015-12-07,inferred_from_ship
Yes,CA-2015-MV17485140-42333,Western US,2015-11-30,11/25/2015,,2015-12-07,inferred_from_ship
Yes,IN-2015-SC2038027-42306,Eastern Asia,2015-11-03,10/29/2015,,2015-11-10,inferred_from_ship
Yes,IN-2015-SC2038027-42306,Eastern Asia,2015-11-03,10/29/2015,,2015-11-10,inferred_from_ship
Yes,IN-2015-SC2038027-42306,Eastern Asia,2015-11-03,10/29/2015,,2015-11-10,inferred_from_ship
Yes,IT-2012-JC1610564-41053,Southern Europe,2012-05-28,5/24/2012,,2012-06-04,inferred_from_ship
Yes,IT-2012-JC1610564-41053,Southern Europe,2012-05-28,5/24/2012,,2012-06-04,inferred_from_ship
Yes,IT-2012-JC1610564-41053,Southern Europe,2012-05-28,5/24/2012,,2012-06-04,inferred_from_ship
Yes,IT-2012-JC1610564-41053,Southern Europe,2012-05-28,5/24/2012,,2012-06-04,inferred_from_ship
Yes,IT-2012-JC1610564-41053,Southern Europe,2012-05-28,5/24/2012,,2012-06-04,inferred_from_ship
Yes,CA-2015-LE16810140-42348,Western US,2015-12-15,12/10/2015,,2015-12-22,inferred_from_ship
Yes,US-2013-BB1099036-41379,Caribbean,2013-04-17,4/15/2013,,2013-04-24,inferred_from_ship
Yes,US-2013-BB1099036-41379,Caribbean,2013-04-17,4/15/2013,,2013-04-24,inferred_from_ship
Yes,US-2013-BB1099036-41379,Caribbean,2013-04-17,4/15/2013,,2013-04-24,inferred_from_ship
Yes,US-2013-BB1099036-41379,Caribbean,2013-04-17,4/15/2013,,2013-04-24,inferred_from_ship
Yes,TU-2013-AH195134-41319,Western Asia,2013-02-18,2/14/2013,,2013-02-25,inferred_from_ship
Yes,TU-2013-AH195134-41319,Western Asia,2013-02-18,2/14/2013,,2013-02-25,inferred_from_ship
Yes,TU-2013-AH195134-41319,Western Asia,2013-02-18,2/14/2013,,2013-02-25,inferred_from_ship
Yes,MX-2014-TS2120518-41791,South America,2014-06-05,6/1/2014,,2014-06-12,inferred_from_ship
Yes,MX-2014-TS2120518-41791,South America,2014-06-05,6/1/2014,,2014-06-12,inferred_from_ship
Yes,IR-2012-FH436560-41114,Southern Asia,2012-07-30,7/24/2012,,2012-08-06,inferred_from_ship
Yes,MX-2014-SH2039582-41895,Central America,2014-09-17,9/13/2014,,2014-09-24,inferred_from_ship
Yes,MX-2014-SH2039582-41895,Central America,2014-09-17,9/13/2014,,2014-09-24,inferred_from_ship
Yes,MX-2014-SH2039582-41895,Central America,2014-09-17,9/13/2014,,2014-09-24,inferred_from_ship
Yes,US-2014-GT14710140-41980,Western US,2014-12-13,12/7/2014,,2014-12-20,inferred_from_ship
Yes,US-2014-GT14710140-41980,Western US,2014-12-13,12/7/2014,,2014-12-20,inferred_from_ship
Yes,US-2014-GT14710140-41980,Western US,2014-12-13,12/7/2014,,2014-12-20,inferred_from_ship
Yes,US-2014-GT14710140-41980,Western US,2014-12-13,12/7/2014,,2014-12-20,inferred_from_ship
Yes,US-2014-GT14710140-41980,Western US,2014-12-13,12/7/2014,,2014-12-20,inferred_from_ship
Yes,US-2014-GT14710140-41980,Western US,2014-12-13,12/7/2014,,2014-12-20,inferred_from_ship
Yes,US-2014-GT14710140-41980,Western US,2014-12-13,12/7/2014,,2014-12-20,inferred_from_ship
Yes,IR-2014-BN151560-41880,Southern Asia,2014-09-03,8/29/2014,,2014-09-10,inferred_from_ship
Yes,ES-2012-SH2039545-40914,Western Europe,2012-01-09,1/6/2012,,2012-01-16,inferred_from_ship
Yes,SA-2013-SC10260110-41451,Western Asia,2013-06-30,6/26/2013,,2013-07-07,inferred_from_ship
Yes,SA-2013-SC10260110-41451,Western Asia,2013-06-30,6/26/2013,,2013-07-07,inferred_from_ship
Yes,SA-2013-SC10260110-41451,Western Asia,2013-06-30,6/26/2013,,2013-07-07,inferred_from_ship
Yes,SA-2013-SC10260110-41451,Western Asia,2013-06-30,6/26/2013,,2013-07-07,inferred_from_ship
Yes,CA-2014-BD11605140-41742,Southern US,2014-04-17,4/13/2014,,2014-04-24,inferred_from_ship
Yes,CA-2014-BD11605140-41742,Southern US,2014-04-17,4/13/2014,,2014-04-24,inferred_from_ship
Yes,CA-2014-BD11605140-41742,Southern US,2014-04-17,4/13/2014,,2014-04-24,inferred_from_ship
Yes,IN-2012-VD2167059-41269,Southeastern Asia,2012-12-28,12/26/2012,,2013-01-04,inferred_from_ship
Yes,IN-2012-VD2167059-41269,Southeastern Asia,2012-12-28,12/26/2012,,2013-01-04,inferred_from_ship
Yes,ES-2015-MY17380120-42316,Southern Europe,2015-11-14,11/8/2015,,2015-11-21,inferred_from_ship
Yes,CA-2015-LC16870140-42091,Southern US,2015-03-30,3/28/2015,,2015-04-06,inferred_from_ship
Yes,CA-2015-LC16870140-42091,Southern US,2015-03-30,3/28/2015,,2015-04-06,inferred_from_ship
Yes,CA-2015-LC16870140-42091,Southern US,2015-03-30,3/28/2015,,2015-04-06,inferred_from_ship
Yes,CA-2015-LC16870140-42091,Southern US,2015-03-30,3/28/2015,,2015-04-06,inferred_from_ship
Yes,CA-2015-LC16870140-42091,Southern US,2015-03-30,3/28/2015,,2015-04-06,inferred_from_ship
Yes,CA-2015-LC16870140-42091,Southern US,2015-03-30,3/28/2015,,2015-04-06,inferred_from_ship
Yes,IN-2012-TR2132527-41188,Eastern Asia,2012-10-09,10/6/2012,,2012-10-16,inferred_from_ship
Yes,IN-2012-TR2132527-41188,Eastern Asia,2012-10-09,10/6/2012,,2012-10-16,inferred_from_ship
Yes,IN-2012-TR2132527-41188,Eastern Asia,2012-10-09,10/6/2012,,2012-10-16,inferred_from_ship
Yes,IN-2014-JC1538558-41815,Southern Asia,2014-06-30,6/25/2014,,2014-07-07,inferred_from_ship
Yes,MX-2012-NG1843018-41201,South America,2012-10-26,10/19/2012,,2012-11-02,inferred_from_ship
Yes,EG-2015-DM301538-42367,North Africa,2016-01-02,12/29/2015,,2016-01-09,inferred_from_ship
Yes,EG-2015-DM301538-42367,North Africa,2016-01-02,12/29/2015,,2016-01-09,inferred_from_ship
Yes,EG-2015-DM301538-42367,North Africa,2016-01-02,12/29/2015,,2016-01-09,inferred_from_ship
Yes,BU-2014-CS186019-41993,Eastern Europe,2014-12-21,12/20/2014,,2014-12-28,inferred_from_ship
Yes,BU-2014-CS186019-41993,Eastern Europe,2014-12-21,12/20/2014,,2014-12-28,inferred_from_ship
Yes,BU-2014-CS186019-41993,Eastern Europe,2014-12-21,12/20/2014,,2014-12-28,inferred_from_ship
Yes,ID-2014-CT11995118-41810,Eastern Asia,2014-06-26,6/20/2014,,2014-07-03,inferred_from_ship
Yes,ID-2014-CT11995118-41810,Eastern Asia,2014-06-26,6/20/2014,,2014-07-03,inferred_from_ship
Yes,IN-2012-EH139907-41140,Oceania,2012-08-23,8/19/2012,,2012-08-30,inferred_from_ship
Yes,IN-2012-EH139907-41140,Oceania,2012-08-23,8/19/2012,,2012-08-30,inferred_from_ship
Yes,CA-2012-RD19585140-41000,Southern US,2012-04-07,4/1/2012,,2012-04-14,inferred_from_ship
Yes,CA-2012-RD19585140-41000,Southern US,2012-04-07,4/1/2012,,2012-04-14,inferred_from_ship
Yes,CA-2012-RD19585140-41000,Southern US,2012-04-07,4/1/2012,,2012-04-14,inferred_from_ship
Yes,CA-2015-CW11905140-42138,Eastern US,2015-05-19,5/14/2015,,2015-05-26,inferred_from_ship
Yes,MX-2014-NC1862593-41955,Central America,2014-11-14,11/12/2014,,2014-11-21,inferred_from_ship
Yes,MX-2014-NC1862593-41955,Central America,2014-11-14,11/12/2014,,2014-11-21,inferred_from_ship
Yes,MX-2013-RB1936082-41552,Central America,2013-10-08,10/5/2013,,2013-10-15,inferred_from_ship
Yes,MX-2013-RB1936082-41552,Central America,2013-10-08,10/5/2013,,2013-10-15,inferred_from_ship
Yes,MX-2013-RB1936082-41552,Central America,2013-10-08,10/5/2013,,2013-10-15,inferred_from_ship
Yes,IN-2012-AS1028527-41034,Eastern Asia,2012-05-11,5/5/2012,,2012-05-18,inferred_from_ship
Yes,IN-2012-AS1028527-41034,Eastern Asia,2012-05-11,5/5/2012,,2012-05-18,inferred_from_ship
Yes,IN-2012-AS1028527-41034,Eastern Asia,2012-05-11,5/5/2012,,2012-05-18,inferred_from_ship
Yes,IN-2012-AS1028527-41034,Eastern Asia,2012-05-11,5/5/2012,,2012-05-18,inferred_from_ship
Yes,IN-2014-AO108107-41721,Oceania,2014-03-27,3/23/2014,,2014-04-03,inferred_from_ship
Yes,MX-2015-HG1484536-42070,Caribbean,2015-03-09,3/7/2015,,2015-03-16,inferred_from_ship
Yes,MX-2015-HG1484536-42070,Caribbean,2015-03-09,3/7/2015,,2015-03-16,inferred_from_ship
Yes,ID-2015-JE1561097-42193,Southern Asia,2015-07-13,7/8/2015,,2015-07-20,inferred_from_ship
Yes,ID-2015-JE1561097-42193,Southern Asia,2015-07-13,7/8/2015,,2015-07-20,inferred_from_ship
Yes,ID-2015-JE1561097-42193,Southern Asia,2015-07-13,7/8/2015,,2015-07-20,inferred_from_ship
Yes,ID-2015-JE1561097-42193,Southern Asia,2015-07-13,7/8/2015,,2015-07-20,inferred_from_ship
Yes,ID-2015-JE1561097-42193,Southern Asia,2015-07-13,7/8/2015,,2015-07-20,inferred_from_ship
Yes,ID-2015-JE1561097-42193,Southern Asia,2015-07-13,7/8/2015,,2015-07-20,inferred_from_ship
Yes,ID-2015-JE1561097-42193,Southern Asia,2015-07-13,7/8/2015,,2015-07-20,inferred_from_ship
Yes,ES-2014-CY1274564-41726,Southern Europe,2014-03-30,3/28/2014,,2014-04-06,inferred_from_ship
Yes,ES-2014-CY1274564-41726,Southern Europe,2014-03-30,3/28/2014,,2014-04-06,inferred_from_ship
Yes,IR-2014-SM1095060-41746,Southern Asia,2014-04-22,4/17/2014,,2014-04-29,inferred_from_ship
Yes,IR-2014-SM1095060-41746,Southern Asia,2014-04-22,4/17/2014,,2014-04-29,inferred_from_ship
Yes,IR-2014-SM1095060-41746,Southern Asia,2014-04-22,4/17/2014,,2014-04-29,inferred_from_ship
Yes,US-2012-PB1915055-41157,Central America,2012-09-10,9/5/2012,,2012-09-17,inferred_from_ship
Yes,US-2012-PB1915055-41157,Central America,2012-09-10,9/5/2012,,2012-09-17,inferred_from_ship
Yes,ES-2014-JB1600048-41856,Western Europe,2014-08-07,8/5/2014,,2014-08-14,inferred_from_ship
Yes,ES-2015-JC1577548-42328,Western Europe,2015-11-24,11/20/2015,,2015-12-01,inferred_from_ship
Yes,ES-2015-JC1577548-42328,Western Europe,2015-11-24,11/20/2015,,2015-12-01,inferred_from_ship
Yes,IT-2014-LP1708091-41907,Western Europe,2014-09-27,9/25/2014,,2014-10-04,inferred_from_ship
Yes,IT-2014-LP1708091-41907,Western Europe,2014-09-27,9/25/2014,,2014-10-04,inferred_from_ship
Yes,MX-2012-ME1732018-41164,South America,2012-09-15,9/12/2012,,2012-09-22,inferred_from_ship
Yes,MX-2012-ME1732018-41164,South America,2012-09-15,9/12/2012,,2012-09-22,inferred_from_ship
Yes,MX-2012-ME1732018-41164,South America,2012-09-15,9/12/2012,,2012-09-22,inferred_from_ship
Yes,CA-2014-TS21655140-41999,Southern US,2014-12-30,12/26/2014,,2015-01-06,inferred_from_ship
Yes,CA-2014-TS21655140-41999,Southern US,2014-12-30,12/26/2014,,2015-01-06,inferred_from_ship
Yes,CA-2014-TS21655140-41999,Southern US,2014-12-30,12/26/2014,,2015-01-06,inferred_from_ship
Yes,CA-2014-TS21655140-41999,Southern US,2014-12-30,12/26/2014,,2015-01-06,inferred_from_ship
Yes,ES-2015-SV20935139-42369,Northern Europe,2016-01-01,12/31/2015,,2016-01-08,inferred_from_ship
Yes,MX-2015-CJ12010141-42298,South America,2015-10-23,10/21/2015,,2015-10-30,inferred_from_ship
Yes,CA-2012-SH20395140-41214,Western US,2012-11-05,11/1/2012,,2012-11-12,inferred_from_ship
Yes,CA-2012-SH20395140-41214,Western US,2012-11-05,11/1/2012,,2012-11-12,inferred_from_ship
Yes,IN-2013-GM1445527-41622,Eastern Asia,2013-12-19,12/14/2013,,2013-12-26,inferred_from_ship
Yes,IN-2013-GM1445527-41622,Eastern Asia,2013-12-19,12/14/2013,,2013-12-26,inferred_from_ship
Yes,IN-2013-GM1445527-41622,Eastern Asia,2013-12-19,12/14/2013,,2013-12-26,inferred_from_ship
Yes,IN-2013-GM1445527-41622,Eastern Asia,2013-12-19,12/14/2013,,2013-12-26,inferred_from_ship
Yes,CA-2013-MS17530140-41579,Southern US,2013-11-08,11/1/2013,,2013-11-15,inferred_from_ship
Yes,US-2013-HD1478598-41583,Central America,2013-11-11,11/5/2013,,2013-11-18,inferred_from_ship
Yes,US-2013-HD1478598-41583,Central America,2013-11-11,11/5/2013,,2013-11-18,inferred_from_ship
Yes,US-2013-HD1478598-41583,Central America,2013-11-11,11/5/2013,,2013-11-18,inferred_from_ship
Yes,US-2013-HD1478598-41583,Central America,2013-11-11,11/5/2013,,2013-11-18,inferred_from_ship
Yes,US-2013-HD1478598-41583,Central America,2013-11-11,11/5/2013,,2013-11-18,inferred_from_ship
Yes,US-2013-HD1478598-41583,Central America,2013-11-11,11/5/2013,,2013-11-18,inferred_from_ship
Yes,US-2013-HD1478598-41583,Central America,2013-11-11,11/5/2013,,2013-11-18,inferred_from_ship
Yes,US-2013-HD1478598-41583,Central America,2013-11-11,11/5/2013,,2013-11-18,inferred_from_ship
Yes,US-2015-CB1202582-42305,Central America,2015-10-28,10/28/2015,,2015-11-04,inferred_from_ship
Yes,CA-2015-BH11710140-42346,Southern US,2015-12-13,12/8/2015,,2015-12-20,inferred_from_ship
Yes,CA-2015-BH11710140-42346,Southern US,2015-12-13,12/8/2015,,2015-12-20,inferred_from_ship
Yes,MX-2012-MO1750016-41222,South America,2012-11-14,11/9/2012,,2012-11-21,inferred_from_ship
Yes,ES-2012-MG17890139-41257,Northern Europe,2012-12-19,12/14/2012,,2012-12-26,inferred_from_ship
Yes,ES-2012-MG17890139-41257,Northern Europe,2012-12-19,12/14/2012,,2012-12-26,inferred_from_ship
Yes,ES-2012-MG17890139-41257,Northern Europe,2012-12-19,12/14/2012,,2012-12-26,inferred_from_ship
Yes,ES-2012-MG17890139-41257,Northern Europe,2012-12-19,12/14/2012,,2012-12-26,inferred_from_ship
Yes,ES-2012-MG17890139-41257,Northern Europe,2012-12-19,12/14/2012,,2012-12-26,inferred_from_ship
Yes,ES-2012-MG17890139-41257,Northern Europe,2012-12-19,12/14/2012,,2012-12-26,inferred_from_ship
Yes,CA-2013-PO19195140-41598,Eastern US,2013-11-24,11/20/2013,,2013-12-01,inferred_from_ship
Yes,ES-2015-KW1643545-42032,Western Europe,2015-01-30,1/28/2015,,2015-02-06,inferred_from_ship
Yes,CA-2013-SS20515140-41479,Southern US,2013-07-28,7/24/2013,,2013-08-04,inferred_from_ship
Yes,CA-2013-SS20515140-41479,Southern US,2013-07-28,7/24/2013,,2013-08-04,inferred_from_ship
Yes,CA-2013-SS20515140-41479,Southern US,2013-07-28,7/24/2013,,2013-08-04,inferred_from_ship
Yes,CA-2013-SS20515140-41479,Southern US,2013-07-28,7/24/2013,,2013-08-04,inferred_from_ship
Yes,MX-2012-RL1961539-40965,Central America,2012-03-01,2/26/2012,,2012-03-08,inferred_from_ship
Yes,MX-2012-RL1961539-40965,Central America,2012-03-01,2/26/2012,,2012-03-08,inferred_from_ship
Yes,MX-2012-RL1961539-40965,Central America,2012-03-01,2/26/2012,,2012-03-08,inferred_from_ship
Yes,MX-2014-SZ2003531-41822,Caribbean,2014-07-07,7/2/2014,,2014-07-14,inferred_from_ship
Yes,ID-2013-BT115307-41508,Oceania,2013-08-25,8/22/2013,,2013-09-01,inferred_from_ship
Yes,MX-2012-TG2131018-41132,South America,2012-08-13,8/11/2012,,2012-08-20,inferred_from_ship
Yes,CA-2012-TT21070140-41159,Southern US,2012-09-12,9/7/2012,,2012-09-19,inferred_from_ship
Yes,CA-2012-TT21070140-41159,Southern US,2012-09-12,9/7/2012,,2012-09-19,inferred_from_ship
Yes,CA-2015-TS21505140-42316,Western US,2015-11-13,11/8/2015,,2015-11-20,inferred_from_ship
Yes,CA-2015-TS21505140-42316,Western US,2015-11-13,11/8/2015,,2015-11-20,inferred_from_ship
Yes,ES-2013-AW1084064-41519,Southern Europe,2013-09-06,9/2/2013,,2013-09-13,inferred_from_ship
Yes,ES-2013-AW1084064-41519,Southern Europe,2013-09-06,9/2/2013,,2013-09-13,inferred_from_ship
Yes,CA-2015-DV13045140-42350,Southern US,2015-12-18,12/12/2015,,2015-12-25,inferred_from_ship
Yes,CA-2015-DV13045140-42350,Southern US,2015-12-18,12/12/2015,,2015-12-25,inferred_from_ship
Yes,CA-2015-DV13045140-42350,Southern US,2015-12-18,12/12/2015,,2015-12-25,inferred_from_ship
Yes,CA-2015-DV13045140-42350,Southern US,2015-12-18,12/12/2015,,2015-12-25,inferred_from_ship
Yes,ES-2015-BP11185139-42175,Northern Europe,2015-06-24,6/20/2015,,2015-07-01,inferred_from_ship
Yes,US-2015-EB13930140-42208,Central US,2015-07-28,7/23/2015,,2015-08-04,inferred_from_ship
Yes,ES-2014-RS1942048-41831,Western Europe,2014-07-15,7/11/2014,,2014-07-22,inferred_from_ship
Yes,ES-2014-RS1942048-41831,Western Europe,2014-07-15,7/11/2014,,2014-07-22,inferred_from_ship
Yes,CG-2012-MM828033-40983,Central Africa,2012-03-20,3/15/2012,,2012-03-27,inferred_from_ship
Yes,MX-2013-JD1589536-41523,Caribbean,2013-09-10,9/6/2013,,2013-09-17,inferred_from_ship
Yes,IN-2014-DB1291027-41870,Eastern Asia,2014-08-21,8/19/2014,,2014-08-28,inferred_from_ship
Yes,ES-2014-DV1346564-41961,Southern Europe,2014-11-21,11/18/2014,,2014-11-28,inferred_from_ship
Yes,ES-2014-DV1346564-41961,Southern Europe,2014-11-21,11/18/2014,,2014-11-28,inferred_from_ship
Yes,MX-2015-JK1564055-42174,Central America,2015-06-21,6/19/2015,,2015-06-28,inferred_from_ship
Yes,CA-2015-LW17215140-42106,Western US,2015-04-19,4/12/2015,,2015-04-26,inferred_from_ship
Yes,CA-2015-LW17215140-42106,Western US,2015-04-19,4/12/2015,,2015-04-26,inferred_from_ship
Yes,MX-2012-PM1894031-41208,Caribbean,2012-10-28,10/26/2012,,2012-11-04,inferred_from_ship
Yes,MX-2012-PM1894031-41208,Caribbean,2012-10-28,10/26/2012,,2012-11-04,inferred_from_ship
Yes,BU-2012-EH394519-41265,Eastern Europe,2012-12-28,12/22/2012,,2013-01-04,inferred_from_ship
Yes,MX-2012-VM2183551-41185,Central America,2012-10-07,10/3/2012,,2012-10-14,inferred_from_ship
Yes,MX-2012-VM2183551-41185,Central America,2012-10-07,10/3/2012,,2012-10-14,inferred_from_ship
Yes,MX-2012-VM2183551-41185,Central America,2012-10-07,10/3/2012,,2012-10-14,inferred_from_ship
Yes,CA-2012-AZ10750140-40992,Eastern US,2012-03-31,3/24/2012,,2012-04-07,inferred_from_ship
Yes,IT-2015-KB1631564-42301,Southern Europe,2015-10-26,10/24/2015,,2015-11-02,inferred_from_ship
Yes,IT-2015-KB1631564-42301,Southern Europe,2015-10-26,10/24/2015,,2015-11-02,inferred_from_ship
Yes,IT-2015-EK13795139-42277,Northern Europe,2015-10-05,9/30/2015,,2015-10-12,inferred_from_ship
Yes,ID-2015-AS1009058-42316,Southern Asia,2015-11-10,11/8/2015,,2015-11-17,inferred_from_ship
Yes,ID-2015-AS1009058-42316,Southern Asia,2015-11-10,11/8/2015,,2015-11-17,inferred_from_ship
Yes,MX-2015-MC1742593-42304,Central America,2015-11-02,10/27/2015,,2015-11-09,inferred_from_ship
Yes,MX-2015-MC1742593-42304,Central America,2015-11-02,10/27/2015,,2015-11-09,inferred_from_ship
Yes,MX-2014-DW1358531-41779,Caribbean,2014-05-25,5/20/2014,,2014-06-01,inferred_from_ship
Yes,MX-2014-DW1358531-41779,Caribbean,2014-05-25,5/20/2014,,2014-06-01,inferred_from_ship
Yes,MX-2014-DW1358531-41779,Caribbean,2014-05-25,5/20/2014,,2014-06-01,inferred_from_ship
Yes,MX-2014-DW1358531-41779,Caribbean,2014-05-25,5/20/2014,,2014-06-01,inferred_from_ship
Yes,MX-2014-DW1358531-41779,Caribbean,2014-05-25,5/20/2014,,2014-06-01,inferred_from_ship
Yes,MX-2014-DW1358531-41779,Caribbean,2014-05-25,5/20/2014,,2014-06-01,inferred_from_ship
Yes,ES-2015-AB1016545-42356,Western Europe,2015-12-20,12/18/2015,,2015-12-27,inferred_from_ship
Yes,ES-2015-AB1016545-42356,Western Europe,2015-12-20,12/18/2015,,2015-12-27,inferred_from_ship
Yes,ES-2015-AB1016545-42356,Western Europe,2015-12-20,12/18/2015,,2015-12-27,inferred_from_ship
Yes,ES-2015-AB1016545-42356,Western Europe,2015-12-20,12/18/2015,,2015-12-27,inferred_from_ship
Yes,MX-2015-DG1330093-42319,Central America,2015-11-15,11/11/2015,,2015-11-22,inferred_from_ship
Yes,MX-2015-DG1330093-42319,Central America,2015-11-15,11/11/2015,,2015-11-22,inferred_from_ship
Yes,MX-2015-DG1330093-42319,Central America,2015-11-15,11/11/2015,,2015-11-22,inferred_from_ship
Yes,MX-2015-DG1330093-42319,Central America,2015-11-15,11/11/2015,,2015-11-22,inferred_from_ship
Yes,MX-2015-DG1330093-42319,Central America,2015-11-15,11/11/2015,,2015-11-22,inferred_from_ship
Yes,MX-2015-DG1330093-42319,Central America,2015-11-15,11/11/2015,,2015-11-22,inferred_from_ship
Yes,MX-2013-SW2027536-41587,Caribbean,2013-11-14,11/9/2013,,2013-11-21,inferred_from_ship
Yes,MX-2013-SW2027536-41587,Caribbean,2013-11-14,11/9/2013,,2013-11-21,inferred_from_ship
Yes,MX-2013-SW2027536-41587,Caribbean,2013-11-14,11/9/2013,,2013-11-21,inferred_from_ship
Yes,MX-2013-SW2027536-41587,Caribbean,2013-11-14,11/9/2013,,2013-11-21,inferred_from_ship
Yes,MX-2015-SP2065082-42257,Central America,2015-09-15,9/10/2015,,2015-09-22,inferred_from_ship
Yes,MX-2015-SP2065082-42257,Central America,2015-09-15,9/10/2015,,2015-09-22,inferred_from_ship
Yes,MX-2015-SP2065082-42257,Central America,2015-09-15,9/10/2015,,2015-09-22,inferred_from_ship
Yes,IN-2014-CC125507-41963,Oceania,2014-11-25,11/20/2014,,2014-12-02,inferred_from_ship
Yes,IN-2014-CC125507-41963,Oceania,2014-11-25,11/20/2014,,2014-12-02,inferred_from_ship
Yes,ES-2015-CW11905139-42288,Northern Europe,2015-10-15,10/11/2015,,2015-10-22,inferred_from_ship
Yes,ZA-2015-SW10350146-42061,Eastern Africa,2015-03-03,2/26/2015,,2015-03-10,inferred_from_ship
Yes,ZA-2015-SW10350146-42061,Eastern Africa,2015-03-03,2/26/2015,,2015-03-10,inferred_from_ship
Yes,IN-2015-PR1888027-42125,Eastern Asia,2015-05-01,5/1/2015,,2015-05-08,inferred_from_ship
Yes,IN-2015-PR1888027-42125,Eastern Asia,2015-05-01,5/1/2015,,2015-05-08,inferred_from_ship
Yes,ES-2014-DB1327045-41689,Western Europe,2014-02-26,2/19/2014,,2014-03-05,inferred_from_ship
Yes,ES-2014-DB1327045-41689,Western Europe,2014-02-26,2/19/2014,,2014-03-05,inferred_from_ship
Yes,ES-2014-DB1327045-41689,Western Europe,2014-02-26,2/19/2014,,2014-03-05,inferred_from_ship
Yes,ES-2012-PM1894045-41145,Western Europe,2012-08-24,8/24/2012,,2012-08-31,inferred_from_ship
Yes,CA-2013-AG10495140-41571,Central US,2013-10-30,10/24/2013,,2013-11-06,inferred_from_ship
Yes,CA-2013-AG10495140-41571,Central US,2013-10-30,10/24/2013,,2013-11-06,inferred_from_ship
Yes,CA-2013-AG10495140-41571,Central US,2013-10-30,10/24/2013,,2013-11-06,inferred_from_ship
Yes,ES-2012-CD1198048-41151,Western Europe,2012-09-04,8/30/2012,,2012-09-11,inferred_from_ship
Yes,ES-2012-CD1198048-41151,Western Europe,2012-09-04,8/30/2012,,2012-09-11,inferred_from_ship
Yes,ES-2012-CD1198048-41151,Western Europe,2012-09-04,8/30/2012,,2012-09-11,inferred_from_ship
Yes,ES-2015-SF20200139-42229,Northern Europe,2015-08-15,8/13/2015,,2015-08-22,inferred_from_ship
Yes,MX-2012-BD1150093-41041,Central America,2012-05-12,5/12/2012,,2012-05-19,inferred_from_ship
Yes,MX-2012-BD1150093-41041,Central America,2012-05-12,5/12/2012,,2012-05-19,inferred_from_ship
Yes,MX-2012-BD1150093-41041,Central America,2012-05-12,5/12/2012,,2012-05-19,inferred_from_ship
Yes,MX-2012-BD1150093-41041,Central America,2012-05-12,5/12/2012,,2012-05-19,inferred_from_ship
Yes,ES-2015-BE11410120-42225,Southern Europe,2015-08-10,8/9/2015,,2015-08-17,inferred_from_ship
Yes,ES-2015-BE11410120-42225,Southern Europe,2015-08-10,8/9/2015,,2015-08-17,inferred_from_ship
Yes,ES-2015-BE11410120-42225,Southern Europe,2015-08-10,8/9/2015,,2015-08-17,inferred_from_ship
Yes,BN-2012-RW963015-41216,Western Africa,2012-11-07,11/3/2012,,2012-11-14,inferred_from_ship
Yes,BN-2012-RW963015-41216,Western Africa,2012-11-07,11/3/2012,,2012-11-14,inferred_from_ship
Yes,US-2014-HP148155-41906,South America,2014-09-29,9/24/2014,,2014-10-06,inferred_from_ship
Yes,US-2014-HP148155-41906,South America,2014-09-29,9/24/2014,,2014-10-06,inferred_from_ship
Yes,US-2014-HP148155-41906,South America,2014-09-29,9/24/2014,,2014-10-06,inferred_from_ship
Yes,ES-2015-BF11170139-42174,Northern Europe,2015-06-23,6/19/2015,,2015-06-30,inferred_from_ship
Yes,ES-2015-BF11170139-42174,Northern Europe,2015-06-23,6/19/2015,,2015-06-30,inferred_from_ship
Yes,ES-2015-BF11170139-42174,Northern Europe,2015-06-23,6/19/2015,,2015-06-30,inferred_from_ship
Yes,ES-2015-BF11170139-42174,Northern Europe,2015-06-23,6/19/2015,,2015-06-30,inferred_from_ship
Yes,IN-2015-DB129707-42152,Oceania,2015-06-01,5/28/2015,,2015-06-08,inferred_from_ship
Yes,IN-2015-DB129707-42152,Oceania,2015-06-01,5/28/2015,,2015-06-08,inferred_from_ship
Yes,CA-2012-EH13765140-41199,Eastern US,2012-10-21,10/17/2012,,2012-10-28,inferred_from_ship
Yes,CA-2012-EH13765140-41199,Eastern US,2012-10-21,10/17/2012,,2012-10-28,inferred_from_ship
Yes,CA-2012-EH13765140-41199,Eastern US,2012-10-21,10/17/2012,,2012-10-28,inferred_from_ship
Yes,IN-2012-BB115457-41194,Oceania,2012-10-16,10/12/2012,,2012-10-23,inferred_from_ship
Yes,IN-2012-SG206057-40978,Oceania,2012-03-14,3/10/2012,,2012-03-21,inferred_from_ship
Yes,IN-2015-RH1951011-42040,Southern Asia,2015-02-12,2/5/2015,,2015-02-19,inferred_from_ship
Yes,ZA-2014-JW6075146-41739,Eastern Africa,2014-04-14,4/10/2014,,2014-04-21,inferred_from_ship
Yes,ZA-2014-JW6075146-41739,Eastern Africa,2014-04-14,4/10/2014,,2014-04-21,inferred_from_ship
Yes,ES-2012-JA15970139-41080,Northern Europe,2012-06-26,6/20/2012,,2012-07-03,inferred_from_ship
Yes,ES-2012-JA15970139-41080,Northern Europe,2012-06-26,6/20/2012,,2012-07-03,inferred_from_ship
Yes,IN-2012-JR1567027-41031,Eastern Asia,2012-05-07,5/2/2012,,2012-05-14,inferred_from_ship
Yes,IN-2012-JR1567027-41031,Eastern Asia,2012-05-07,5/2/2012,,2012-05-14,inferred_from_ship
Yes,IN-2012-JR1567027-41031,Eastern Asia,2012-05-07,5/2/2012,,2012-05-14,inferred_from_ship
Yes,IN-2012-JR1567027-41031,Eastern Asia,2012-05-07,5/2/2012,,2012-05-14,inferred_from_ship
Yes,ES-2013-JE1547545-41450,Western Europe,2013-06-30,6/25/2013,,2013-07-07,inferred_from_ship
Yes,IT-2014-LS1720064-41954,Southern Europe,2014-11-13,11/11/2014,,2014-11-20,inferred_from_ship
Yes,IN-2014-CA1226527-41794,Eastern Asia,2014-06-08,6/4/2014,,2014-06-15,inferred_from_ship
Yes,IN-2014-CA1226527-41794,Eastern Asia,2014-06-08,6/4/2014,,2014-06-15,inferred_from_ship
Yes,IN-2014-CA1226527-41794,Eastern Asia,2014-06-08,6/4/2014,,2014-06-15,inferred_from_ship
Yes,IN-2014-CA1226527-41794,Eastern Asia,2014-06-08,6/4/2014,,2014-06-15,inferred_from_ship
Yes,UP-2014-AA645137-41807,Eastern Europe,2014-06-21,6/17/2014,,2014-06-28,inferred_from_ship
Yes,NI-2014-MH745595-41696,Western Africa,2014-03-02,2/26/2014,,2014-03-09,inferred_from_ship
Yes,NI-2014-MH745595-41696,Western Africa,2014-03-02,2/26/2014,,2014-03-09,inferred_from_ship
Yes,NI-2014-MH745595-41696,Western Africa,2014-03-02,2/26/2014,,2014-03-09,inferred_from_ship
Yes,ID-2015-EJ1415592-42299,Oceania,2015-10-22,10/22/2015,,2015-10-29,inferred_from_ship
Yes,ID-2014-KD1649559-41807,Southeastern Asia,2014-06-21,6/17/2014,,2014-06-28,inferred_from_ship
Yes,ID-2014-KD1649559-41807,Southeastern Asia,2014-06-21,6/17/2014,,2014-06-28,inferred_from_ship
Yes,ID-2014-KD1649559-41807,Southeastern Asia,2014-06-21,6/17/2014,,2014-06-28,inferred_from_ship
Yes,ES-2014-DK1298548-41711,Western Europe,2014-03-18,3/13/2014,,2014-03-25,inferred_from_ship
Yes,ES-2014-DK1298548-41711,Western Europe,2014-03-18,3/13/2014,,2014-03-25,inferred_from_ship
Yes,ES-2014-DK1298548-41711,Western Europe,2014-03-18,3/13/2014,,2014-03-25,inferred_from_ship
Yes,BU-2014-MH745519-41670,Eastern Europe,2014-02-04,1/31/2014,,2014-02-11,inferred_from_ship
Yes,BU-2014-MH745519-41670,Eastern Europe,2014-02-04,1/31/2014,,2014-02-11,inferred_from_ship
Yes,BU-2014-MH745519-41670,Eastern Europe,2014-02-04,1/31/2014,,2014-02-11,inferred_from_ship
Yes,ID-2015-NR18550102-42078,Southeastern Asia,2015-03-21,3/15/2015,,2015-03-28,inferred_from_ship
Yes,ID-2015-NR18550102-42078,Southeastern Asia,2015-03-21,3/15/2015,,2015-03-28,inferred_from_ship
Yes,ID-2015-NR18550102-42078,Southeastern Asia,2015-03-21,3/15/2015,,2015-03-28,inferred_from_ship
Yes,IN-2012-JH1591027-41262,Eastern Asia,2012-12-25,12/19/2012,,2013-01-01,inferred_from_ship
Yes,IN-2012-JL151307-40988,Oceania,2012-03-25,3/20/2012,,2012-04-01,inferred_from_ship
Yes,IN-2012-JL151307-40988,Oceania,2012-03-25,3/20/2012,,2012-04-01,inferred_from_ship
Yes,IN-2012-JL151307-40988,Oceania,2012-03-25,3/20/2012,,2012-04-01,inferred_from_ship
Yes,IT-2015-AG1049545-42229,Western Europe,2015-08-17,8/13/2015,,2015-08-24,inferred_from_ship
Yes,IT-2015-AG1049545-42229,Western Europe,2015-08-17,8/13/2015,,2015-08-24,inferred_from_ship
Yes,IT-2015-AG1049545-42229,Western Europe,2015-08-17,8/13/2015,,2015-08-24,inferred_from_ship
Yes,IT-2015-AG1049545-42229,Western Europe,2015-08-17,8/13/2015,,2015-08-24,inferred_from_ship
Yes,CA-2014-JF15565140-41686,Eastern US,2014-02-20,2/16/2014,,2014-02-27,inferred_from_ship
Yes,CA-2014-JF15565140-41686,Eastern US,2014-02-20,2/16/2014,,2014-02-27,inferred_from_ship
Yes,IN-2014-SH2063527-41858,Eastern Asia,2014-08-11,8/7/2014,,2014-08-18,inferred_from_ship
Yes,IN-2014-SH2063527-41858,Eastern Asia,2014-08-11,8/7/2014,,2014-08-18,inferred_from_ship
Yes,IN-2014-SH2063527-41858,Eastern Asia,2014-08-11,8/7/2014,,2014-08-18,inferred_from_ship
Yes,IN-2015-LD1700558-42285,Southern Asia,2015-10-10,10/8/2015,,2015-10-17,inferred_from_ship
Yes,LO-2012-JL5850114-41121,Eastern Europe,2012-08-04,7/31/2012,,2012-08-11,inferred_from_ship
Yes,LO-2012-JL5850114-41121,Eastern Europe,2012-08-04,7/31/2012,,2012-08-11,inferred_from_ship
Yes,LO-2012-JL5850114-41121,Eastern Europe,2012-08-04,7/31/2012,,2012-08-11,inferred_from_ship
Yes,LO-2012-JL5850114-41121,Eastern Europe,2012-08-04,7/31/2012,,2012-08-11,inferred_from_ship
Yes,BO-2014-KH636013-41859,Eastern Europe,2014-08-12,8/8/2014,,2014-08-19,inferred_from_ship
Yes,BO-2014-KH636013-41859,Eastern Europe,2014-08-12,8/8/2014,,2014-08-19,inferred_from_ship
Yes,BO-2014-KH636013-41859,Eastern Europe,2014-08-12,8/8/2014,,2014-08-19,inferred_from_ship
Yes,US-2013-EM1382555-41579,Central America,2013-11-03,11/1/2013,,2013-11-10,inferred_from_ship
Yes,IT-2015-MB1808591-42145,Western Europe,2015-05-25,5/21/2015,,2015-06-01,inferred_from_ship
Yes,SF-2014-EL3735117-41875,Southern Africa,2014-08-29,8/24/2014,,2014-09-05,inferred_from_ship
Yes,SF-2014-EL3735117-41875,Southern Africa,2014-08-29,8/24/2014,,2014-09-05,inferred_from_ship
Yes,SF-2014-EL3735117-41875,Southern Africa,2014-08-29,8/24/2014,,2014-09-05,inferred_from_ship
Yes,TU-2014-JF5565134-41818,Western Asia,2014-06-30,6/28/2014,,2014-07-07,inferred_from_ship
Yes,TU-2014-JF5565134-41818,Western Asia,2014-06-30,6/28/2014,,2014-07-07,inferred_from_ship
Yes,TU-2014-JF5565134-41818,Western Asia,2014-06-30,6/28/2014,,2014-07-07,inferred_from_ship
Yes,TU-2014-JF5565134-41818,Western Asia,2014-06-30,6/28/2014,,2014-07-07,inferred_from_ship
Yes,MX-2014-BM1114055-41961,Central America,2014-11-22,11/18/2014,,2014-11-29,inferred_from_ship
Yes,MX-2014-BM1114055-41961,Central America,2014-11-22,11/18/2014,,2014-11-29,inferred_from_ship
Yes,MX-2014-BM1114055-41961,Central America,2014-11-22,11/18/2014,,2014-11-29,inferred_from_ship
Yes,MX-2014-BM1114055-41961,Central America,2014-11-22,11/18/2014,,2014-11-29,inferred_from_ship
Yes,MX-2014-BM1114055-41961,Central America,2014-11-22,11/18/2014,,2014-11-29,inferred_from_ship
Yes,MX-2014-BM1114055-41961,Central America,2014-11-22,11/18/2014,,2014-11-29,inferred_from_ship
Yes,MX-2014-BM1114055-41961,Central America,2014-11-22,11/18/2014,,2014-11-29,inferred_from_ship
Yes,TU-2015-SW10275134-42311,Western Asia,2015-11-05,11/3/2015,,2015-11-12,inferred_from_ship
Yes,ES-2014-SS208758-41683,Western Europe,2014-02-19,2/13/2014,,2014-02-26,inferred_from_ship
Yes,US-2014-BW1120018-41979,South America,2014-12-12,12/6/2014,,2014-12-19,inferred_from_ship
Yes,IN-2013-TD20995130-41609,Southeastern Asia,2013-12-07,12/1/2013,,2013-12-14,inferred_from_ship
Yes,IN-2013-TD20995130-41609,Southeastern Asia,2013-12-07,12/1/2013,,2013-12-14,inferred_from_ship
Yes,IN-2013-TD20995130-41609,Southeastern Asia,2013-12-07,12/1/2013,,2013-12-14,inferred_from_ship
Yes,ES-2015-KB1660096-42048,Northern Europe,2015-02-18,2/13/2015,,2015-02-25,inferred_from_ship
Yes,IN-2015-Dl1360058-42364,Southern Asia,2015-12-26,12/26/2015,,2016-01-02,inferred_from_ship
Yes,ES-2014-MB18085139-41956,Northern Europe,2014-11-17,11/13/2014,,2014-11-24,inferred_from_ship
Yes,IT-2015-AR10345139-42116,Northern Europe,2015-04-23,4/22/2015,,2015-04-30,inferred_from_ship
Yes,IT-2015-AR10345139-42116,Northern Europe,2015-04-23,4/22/2015,,2015-04-30,inferred_from_ship
Yes,IN-2013-JG1531027-41602,Eastern Asia,2013-11-28,11/24/2013,,2013-12-05,inferred_from_ship
Yes,ES-2014-MC1810045-41982,Western Europe,2014-12-13,12/9/2014,,2014-12-20,inferred_from_ship
Yes,CA-2015-HG15025140-42363,Eastern US,2015-12-29,12/25/2015,,2016-01-05,inferred_from_ship
Yes,CA-2015-HG15025140-42363,Eastern US,2015-12-29,12/25/2015,,2016-01-05,inferred_from_ship
Yes,MO-2015-AB25586-42117,North Africa,2015-04-25,4/23/2015,,2015-05-02,inferred_from_ship
Yes,US-2012-CS1246036-41247,Caribbean,2012-12-09,12/4/2012,,2012-12-16,inferred_from_ship
Yes,ES-2014-JD1606045-41699,Western Europe,2014-03-07,3/1/2014,,2014-03-14,inferred_from_ship
Yes,ES-2014-JD1606045-41699,Western Europe,2014-03-07,3/1/2014,,2014-03-14,inferred_from_ship
Yes,ES-2014-JD1606045-41699,Western Europe,2014-03-07,3/1/2014,,2014-03-14,inferred_from_ship
Yes,MX-2013-EM1381018-41552,South America,2013-10-11,10/5/2013,,2013-10-18,inferred_from_ship
Yes,MX-2015-MY1829582-42321,Central America,2015-11-17,11/13/2015,,2015-11-24,inferred_from_ship
Yes,MX-2015-MY1829582-42321,Central America,2015-11-17,11/13/2015,,2015-11-24,inferred_from_ship
Yes,MX-2015-MY1829582-42321,Central America,2015-11-17,11/13/2015,,2015-11-24,inferred_from_ship
Yes,MX-2015-MY1829582-42321,Central America,2015-11-17,11/13/2015,,2015-11-24,inferred_from_ship
Yes,MX-2015-MY1829582-42321,Central America,2015-11-17,11/13/2015,,2015-11-24,inferred_from_ship
Yes,MX-2015-MY1829582-42321,Central America,2015-11-17,11/13/2015,,2015-11-24,inferred_from_ship
Yes,MX-2015-MY1829582-42321,Central America,2015-11-17,11/13/2015,,2015-11-24,inferred_from_ship
Yes,MX-2015-MY1829582-42321,Central America,2015-11-17,11/13/2015,,2015-11-24,inferred_from_ship
Yes,MX-2015-MY1829582-42321,Central America,2015-11-17,11/13/2015,,2015-11-24,inferred_from_ship
Yes,MX-2015-MY1829582-42321,Central America,2015-11-17,11/13/2015,,2015-11-24,inferred_from_ship
Yes,CA-2015-KH16330140-42329,Eastern US,2015-11-25,11/21/2015,,2015-12-02,inferred_from_ship
Yes,CA-2015-KH16330140-42329,Eastern US,2015-11-25,11/21/2015,,2015-12-02,inferred_from_ship
Yes,CA-2015-KH16330140-42329,Eastern US,2015-11-25,11/21/2015,,2015-12-02,inferred_from_ship
Yes,ES-2014-MG18205139-41867,Northern Europe,2014-08-20,8/16/2014,,2014-08-27,inferred_from_ship
Yes,ES-2014-MG18205139-41867,Northern Europe,2014-08-20,8/16/2014,,2014-08-27,inferred_from_ship
Yes,CA-2015-DO13645140-42343,Eastern US,2015-12-11,12/5/2015,,2015-12-18,inferred_from_ship
Yes,CA-2015-DO13645140-42343,Eastern US,2015-12-11,12/5/2015,,2015-12-18,inferred_from_ship
Yes,CA-2015-DO13645140-42343,Eastern US,2015-12-11,12/5/2015,,2015-12-18,inferred_from_ship
Yes,IN-2014-ML177557-41922,Oceania,2014-10-14,10/10/2014,,2014-10-21,inferred_from_ship
Yes,IN-2014-ML177557-41922,Oceania,2014-10-14,10/10/2014,,2014-10-21,inferred_from_ship
Yes,IN-2014-ML177557-41922,Oceania,2014-10-14,10/10/2014,,2014-10-21,inferred_from_ship
Yes,IN-2014-ML177557-41922,Oceania,2014-10-14,10/10/2014,,2014-10-21,inferred_from_ship
Yes,IN-2014-ML177557-41922,Oceania,2014-10-14,10/10/2014,,2014-10-21,inferred_from_ship
Yes,SA-2015-AR570110-42299,Western Asia,2015-10-25,10/22/2015,,2015-11-01,inferred_from_ship
Yes,SA-2015-AR570110-42299,Western Asia,2015-10-25,10/22/2015,,2015-11-01,inferred_from_ship
Yes,US-2015-LH16900140-42348,Central US,2015-12-17,12/10/2015,,2015-12-24,inferred_from_ship
Yes,CA-2015-JE15745140-42111,Western US,2015-04-21,4/17/2015,,2015-04-28,inferred_from_ship
Yes,CA-2015-JE15745140-42111,Western US,2015-04-21,4/17/2015,,2015-04-28,inferred_from_ship
Yes,CA-2013-MV17485140-41450,Central US,2013-06-28,6/25/2013,,2013-07-05,inferred_from_ship
Yes,CA-2013-MV17485140-41450,Central US,2013-06-28,6/25/2013,,2013-07-05,inferred_from_ship
Yes,CA-2013-MV17485140-41450,Central US,2013-06-28,6/25/2013,,2013-07-05,inferred_from_ship
Yes,CA-2013-MV17485140-41450,Central US,2013-06-28,6/25/2013,,2013-07-05,inferred_from_ship
Yes,IT-2012-KH16690104-41037,Southern Europe,2012-05-11,5/8/2012,,2012-05-18,inferred_from_ship
Yes,IN-2015-SL2015558-42222,Southern Asia,2015-08-10,8/6/2015,,2015-08-17,inferred_from_ship
Yes,IN-2015-SL2015558-42222,Southern Asia,2015-08-10,8/6/2015,,2015-08-17,inferred_from_ship
Yes,IN-2015-SL2015558-42222,Southern Asia,2015-08-10,8/6/2015,,2015-08-17,inferred_from_ship
Yes,IN-2015-SL2015558-42222,Southern Asia,2015-08-10,8/6/2015,,2015-08-17,inferred_from_ship
Yes,MX-2012-KM1672018-41242,South America,2012-12-05,11/29/2012,,2012-12-12,inferred_from_ship
Yes,MX-2012-KM1672018-41242,South America,2012-12-05,11/29/2012,,2012-12-12,inferred_from_ship
Yes,MX-2012-KM1672018-41242,South America,2012-12-05,11/29/2012,,2012-12-12,inferred_from_ship
Yes,MX-2012-KM1672018-41242,South America,2012-12-05,11/29/2012,,2012-12-12,inferred_from_ship
Yes,ID-2014-DB132107-41934,Oceania,2014-10-24,10/22/2014,,2014-10-31,inferred_from_ship
Yes,ID-2014-DB132107-41934,Oceania,2014-10-24,10/22/2014,,2014-10-31,inferred_from_ship
Yes,ID-2014-DB132107-41934,Oceania,2014-10-24,10/22/2014,,2014-10-31,inferred_from_ship
Yes,ID-2014-DB132107-41934,Oceania,2014-10-24,10/22/2014,,2014-10-31,inferred_from_ship
Yes,ID-2014-DB132107-41934,Oceania,2014-10-24,10/22/2014,,2014-10-31,inferred_from_ship
Yes,IN-2012-CM1223527-41248,Eastern Asia,2012-12-10,12/5/2012,,2012-12-17,inferred_from_ship
Yes,IN-2012-CM1223527-41248,Eastern Asia,2012-12-10,12/5/2012,,2012-12-17,inferred_from_ship
Yes,IN-2014-BD116207-41650,Oceania,2014-01-15,1/11/2014,,2014-01-22,inferred_from_ship
Yes,CA-2015-OT18730140-42304,Southern US,2015-11-02,10/27/2015,,2015-11-09,inferred_from_ship
Yes,CA-2015-OT18730140-42304,Southern US,2015-11-02,10/27/2015,,2015-11-09,inferred_from_ship
Yes,AO-2013-JE57454-41544,Central Africa,2013-10-02,9/27/2013,,2013-10-09,inferred_from_ship
Yes,AO-2013-JE57454-41544,Central Africa,2013-10-02,9/27/2013,,2013-10-09,inferred_from_ship
Yes,AO-2013-JE57454-41544,Central Africa,2013-10-02,9/27/2013,,2013-10-09,inferred_from_ship
Yes,EG-2014-SC1009538-41847,North Africa,2014-08-01,7/27/2014,,2014-08-08,inferred_from_ship
Yes,EG-2014-SC1009538-41847,North Africa,2014-08-01,7/27/2014,,2014-08-08,inferred_from_ship
Yes,EG-2014-SC1009538-41847,North Africa,2014-08-01,7/27/2014,,2014-08-08,inferred_from_ship
Yes,EG-2014-SC1009538-41847,North Africa,2014-08-01,7/27/2014,,2014-08-08,inferred_from_ship
Yes,ID-2013-GZ144707-41467,Oceania,2013-07-16,7/12/2013,,2013-07-23,inferred_from_ship
Yes,ID-2013-GZ144707-41467,Oceania,2013-07-16,7/12/2013,,2013-07-23,inferred_from_ship
Yes,ES-2015-MJ17740139-42073,Northern Europe,2015-03-14,3/10/2015,,2015-03-21,inferred_from_ship
Yes,ES-2015-MJ17740139-42073,Northern Europe,2015-03-14,3/10/2015,,2015-03-21,inferred_from_ship
Yes,IR-2014-MM805560-41990,Southern Asia,2014-12-19,12/17/2014,,2014-12-26,inferred_from_ship
Yes,IR-2014-MM805560-41990,Southern Asia,2014-12-19,12/17/2014,,2014-12-26,inferred_from_ship
Yes,IT-2014-TP2141545-41858,Western Europe,2014-08-11,8/7/2014,,2014-08-18,inferred_from_ship
Yes,IT-2014-TP2141545-41858,Western Europe,2014-08-11,8/7/2014,,2014-08-18,inferred_from_ship
Yes,IT-2014-TP2141545-41858,Western Europe,2014-08-11,8/7/2014,,2014-08-18,inferred_from_ship
Yes,ID-2013-TG21640102-41508,Southeastern Asia,2013-08-27,8/22/2013,,2013-09-03,inferred_from_ship
Yes,ID-2013-TG21640102-41508,Southeastern Asia,2013-08-27,8/22/2013,,2013-09-03,inferred_from_ship
Yes,IN-2014-LS172307-41954,Oceania,2014-11-15,11/11/2014,,2014-11-22,inferred_from_ship
Yes,IN-2014-LS172307-41954,Oceania,2014-11-15,11/11/2014,,2014-11-22,inferred_from_ship
Yes,IN-2012-GM1444058-41200,Southern Asia,2012-10-20,10/18/2012,,2012-10-27,inferred_from_ship
Yes,TU-2012-AJ960134-40990,Western Asia,2012-03-28,3/22/2012,,2012-04-04,inferred_from_ship
Yes,TU-2012-AJ960134-40990,Western Asia,2012-03-28,3/22/2012,,2012-04-04,inferred_from_ship
Yes,TU-2012-AJ960134-40990,Western Asia,2012-03-28,3/22/2012,,2012-04-04,inferred_from_ship
Yes,CA-2014-PF19225140-41817,Southern US,2014-07-04,6/27/2014,,2014-07-11,inferred_from_ship
Yes,IN-2014-TB2162558-41724,Southern Asia,2014-03-31,3/26/2014,,2014-04-07,inferred_from_ship
Yes,MX-2012-ND1837082-41223,Central America,2012-11-12,11/10/2012,,2012-11-19,inferred_from_ship
Yes,MX-2012-ND1837082-41223,Central America,2012-11-12,11/10/2012,,2012-11-19,inferred_from_ship
Yes,MX-2012-ND1837082-41223,Central America,2012-11-12,11/10/2012,,2012-11-19,inferred_from_ship
Yes,ID-2015-MG1814592-42132,Oceania,2015-05-14,5/8/2015,,2015-05-21,inferred_from_ship
Yes,CA-2014-CA12265140-41677,Southern US,2014-02-07,2/7/2014,,2014-02-14,inferred_from_ship
Yes,CA-2014-CA12265140-41677,Southern US,2014-02-07,2/7/2014,,2014-02-14,inferred_from_ship
Yes,SF-2012-MH7440117-41065,Southern Africa,2012-06-07,6/5/2012,,2012-06-14,inferred_from_ship
Yes,MX-2012-AB1015093-41101,Central America,2012-07-15,7/11/2012,,2012-07-22,inferred_from_ship
Yes,IZ-2015-EM396061-42110,Western Asia,2015-04-19,4/16/2015,,2015-04-26,inferred_from_ship
Yes,IN-2015-AW1084058-42083,Southern Asia,2015-03-23,3/20/2015,,2015-03-30,inferred_from_ship
Yes,IN-2015-AW1084058-42083,Southern Asia,2015-03-23,3/20/2015,,2015-03-30,inferred_from_ship
Yes,IN-2015-AW1084058-42083,Southern Asia,2015-03-23,3/20/2015,,2015-03-30,inferred_from_ship
Yes,IN-2015-AW1084058-42083,Southern Asia,2015-03-23,3/20/2015,,2015-03-30,inferred_from_ship
Yes,IN-2015-AW1084058-42083,Southern Asia,2015-03-23,3/20/2015,,2015-03-30,inferred_from_ship
Yes,ES-2015-PS1897045-42179,Western Europe,2015-06-26,6/24/2015,,2015-07-03,inferred_from_ship
Yes,ES-2013-WB2185064-41587,Southern Europe,2013-11-13,11/9/2013,,2013-11-20,inferred_from_ship
Yes,CA-2015-NC18535140-42096,Western US,2015-04-04,4/2/2015,,2015-04-11,inferred_from_ship
Yes,CA-2015-NC18535140-42096,Western US,2015-04-04,4/2/2015,,2015-04-11,inferred_from_ship
Yes,MX-2014-LS1697518-41666,South America,2014-02-01,1/27/2014,,2014-02-08,inferred_from_ship
Yes,MX-2014-LS1697518-41666,South America,2014-02-01,1/27/2014,,2014-02-08,inferred_from_ship
Yes,MX-2014-LS1697518-41666,South America,2014-02-01,1/27/2014,,2014-02-08,inferred_from_ship
Yes,MX-2014-LS1697518-41666,South America,2014-02-01,1/27/2014,,2014-02-08,inferred_from_ship
Yes,MX-2014-LS1697518-41666,South America,2014-02-01,1/27/2014,,2014-02-08,inferred_from_ship
Yes,MX-2014-LS1697518-41666,South America,2014-02-01,1/27/2014,,2014-02-08,inferred_from_ship
Yes,IN-2012-SB2018559-41157,Southeastern Asia,2012-09-08,9/5/2012,,2012-09-15,inferred_from_ship
Yes,ML-2014-BD177079-41893,Western Africa,2014-09-13,9/11/2014,,2014-09-20,inferred_from_ship
Yes,ML-2014-BD177079-41893,Western Africa,2014-09-13,9/11/2014,,2014-09-20,inferred_from_ship
Yes,MX-2015-CM1244582-42354,Central America,2015-12-20,12/16/2015,,2015-12-27,inferred_from_ship
Yes,MX-2015-CM1244582-42354,Central America,2015-12-20,12/16/2015,,2015-12-27,inferred_from_ship
Yes,MX-2012-AW1084082-41192,Central America,2012-10-17,10/10/2012,,2012-10-24,inferred_from_ship
Yes,MX-2012-AW1084082-41192,Central America,2012-10-17,10/10/2012,,2012-10-24,inferred_from_ship
Yes,MX-2012-AW1084082-41192,Central America,2012-10-17,10/10/2012,,2012-10-24,inferred_from_ship
Yes,MX-2015-CL1270093-42180,Central America,2015-06-29,6/25/2015,,2015-07-06,inferred_from_ship
Yes,MX-2015-CL1270093-42180,Central America,2015-06-29,6/25/2015,,2015-07-06,inferred_from_ship
Yes,CA-2015-CC12475140-42278,Eastern US,2015-10-03,10/1/2015,,2015-10-10,inferred_from_ship
Yes,MX-2014-AH1069093-41990,Central America,2014-12-19,12/17/2014,,2014-12-26,inferred_from_ship
Yes,MX-2014-AH1069093-41990,Central America,2014-12-19,12/17/2014,,2014-12-26,inferred_from_ship
Yes,AO-2013-SF102004-41628,Central Africa,2013-12-25,12/20/2013,,2014-01-01,inferred_from_ship
Yes,MX-2014-SZ2003518-41703,South America,2014-03-11,3/5/2014,,2014-03-18,inferred_from_ship
Yes,EG-2015-RA994538-42342,North Africa,2015-12-08,12/4/2015,,2015-12-15,inferred_from_ship
Yes,EG-2015-RA994538-42342,North Africa,2015-12-08,12/4/2015,,2015-12-15,inferred_from_ship
Yes,TU-2015-AG495134-42130,Western Asia,2015-05-13,5/6/2015,,2015-05-20,inferred_from_ship
Yes,TU-2015-AG495134-42130,Western Asia,2015-05-13,5/6/2015,,2015-05-20,inferred_from_ship
Yes,IN-2012-PR1888058-41013,Southern Asia,2012-04-16,4/14/2012,,2012-04-23,inferred_from_ship
Yes,ES-2015-CS1235548-42010,Western Europe,2015-01-09,1/6/2015,,2015-01-16,inferred_from_ship
Yes,IN-2015-MH1811558-42185,Southern Asia,2015-07-02,6/30/2015,,2015-07-09,inferred_from_ship
Yes,IN-2015-MH1811558-42185,Southern Asia,2015-07-02,6/30/2015,,2015-07-09,inferred_from_ship
Yes,IN-2015-MH1811558-42185,Southern Asia,2015-07-02,6/30/2015,,2015-07-09,inferred_from_ship
Yes,IN-2015-MH1811558-42185,Southern Asia,2015-07-02,6/30/2015,,2015-07-09,inferred_from_ship
Yes,IN-2015-JP1546058-42258,Southern Asia,2015-09-16,9/11/2015,,2015-09-23,inferred_from_ship
Yes,IN-2015-JP1546058-42258,Southern Asia,2015-09-16,9/11/2015,,2015-09-23,inferred_from_ship
Yes,IR-2015-CA196560-42201,Southern Asia,2015-07-19,7/16/2015,,2015-07-26,inferred_from_ship
Yes,IR-2015-CA196560-42201,Southern Asia,2015-07-19,7/16/2015,,2015-07-26,inferred_from_ship
Yes,MX-2013-AF1087026-41536,South America,2013-09-19,9/19/2013,,2013-09-26,inferred_from_ship
Yes,MX-2013-AF1087026-41536,South America,2013-09-19,9/19/2013,,2013-09-26,inferred_from_ship
Yes,US-2012-JF15490140-41269,Western US,2013-01-01,12/26/2012,,2013-01-08,inferred_from_ship
Yes,US-2012-JF15490140-41269,Western US,2013-01-01,12/26/2012,,2013-01-08,inferred_from_ship
Yes,IN-2015-PS18760102-42263,Southeastern Asia,2015-09-21,9/16/2015,,2015-09-28,inferred_from_ship
Yes,ES-2014-KT1646548-41678,Western Europe,2014-02-12,2/8/2014,,2014-02-19,inferred_from_ship
Yes,ES-2014-MC1760548-41900,Western Europe,2014-09-22,9/18/2014,,2014-09-29,inferred_from_ship
Yes,MX-2014-BE1145531-41650,Caribbean,2014-01-15,1/11/2014,,2014-01-22,inferred_from_ship
Yes,MX-2014-BE1145531-41650,Caribbean,2014-01-15,1/11/2014,,2014-01-22,inferred_from_ship
Yes,MX-2014-BE1145531-41650,Caribbean,2014-01-15,1/11/2014,,2014-01-22,inferred_from_ship
Yes,CA-2015-BP11095140-42352,Eastern US,2015-12-19,12/14/2015,,2015-12-26,inferred_from_ship
Yes,CG-2014-ML775533-41740,Central Africa,2014-04-13,4/11/2014,,2014-04-20,inferred_from_ship
Yes,CG-2014-ML775533-41740,Central Africa,2014-04-13,4/11/2014,,2014-04-20,inferred_from_ship
Yes,ID-2014-CV1280527-41773,Eastern Asia,2014-05-18,5/14/2014,,2014-05-25,inferred_from_ship
Yes,SA-2013-RF9840110-41277,Western Asia,2013-01-06,1/3/2013,,2013-01-13,inferred_from_ship
Yes,SA-2013-RF9840110-41277,Western Asia,2013-01-06,1/3/2013,,2013-01-13,inferred_from_ship
Yes,SA-2013-RF9840110-41277,Western Asia,2013-01-06,1/3/2013,,2013-01-13,inferred_from_ship
Yes,SF-2012-AG675117-40976,Southern Africa,2012-03-11,3/8/2012,,2012-03-18,inferred_from_ship
Yes,SF-2012-AG675117-40976,Southern Africa,2012-03-11,3/8/2012,,2012-03-18,inferred_from_ship
Yes,SF-2012-AG675117-40976,Southern Africa,2012-03-11,3/8/2012,,2012-03-18,inferred_from_ship
Yes,SF-2012-AG675117-40976,Southern Africa,2012-03-11,3/8/2012,,2012-03-18,inferred_from_ship
Yes,SF-2012-AG675117-40976,Southern Africa,2012-03-11,3/8/2012,,2012-03-18,inferred_from_ship
Yes,SF-2012-AG675117-40976,Southern Africa,2012-03-11,3/8/2012,,2012-03-18,inferred_from_ship
Yes,US-2015-CR12820140-42284,Eastern US,2015-10-13,10/7/2015,,2015-10-20,inferred_from_ship
Yes,US-2015-CR12820140-42284,Eastern US,2015-10-13,10/7/2015,,2015-10-20,inferred_from_ship
Yes,US-2015-CR12820140-42284,Eastern US,2015-10-13,10/7/2015,,2015-10-20,inferred_from_ship
Yes,ES-2013-MB1808545-41629,Western Europe,2013-12-26,12/21/2013,,2014-01-02,inferred_from_ship
Yes,IN-2015-SC20260130-42032,Southeastern Asia,2015-02-02,1/28/2015,,2015-02-09,inferred_from_ship
Yes,IN-2012-TS211607-41179,Oceania,2012-10-04,9/27/2012,,2012-10-11,inferred_from_ship
Yes,IN-2012-TS211607-41179,Oceania,2012-10-04,9/27/2012,,2012-10-11,inferred_from_ship
Yes,IN-2012-TS211607-41179,Oceania,2012-10-04,9/27/2012,,2012-10-11,inferred_from_ship
Yes,IZ-2015-MO795061-42271,Western Asia,2015-09-26,9/24/2015,,2015-10-03,inferred_from_ship
Yes,IZ-2015-MO795061-42271,Western Asia,2015-09-26,9/24/2015,,2015-10-03,inferred_from_ship
Yes,MX-2014-LL1684039-41853,Central America,2014-08-04,8/2/2014,,2014-08-11,inferred_from_ship
Yes,ES-2013-EB14110139-41528,Northern Europe,2013-09-15,9/11/2013,,2013-09-22,inferred_from_ship
Yes,ES-2013-EB14110139-41528,Northern Europe,2013-09-15,9/11/2013,,2013-09-22,inferred_from_ship
Yes,CA-2015-BT11530140-42278,Western US,2015-10-03,10/1/2015,,2015-10-10,inferred_from_ship
Yes,ES-2013-LC1714064-41409,Southern Europe,2013-05-20,5/15/2013,,2013-05-27,inferred_from_ship
Yes,ES-2013-LC1714064-41409,Southern Europe,2013-05-20,5/15/2013,,2013-05-27,inferred_from_ship
Yes,ES-2013-LC1714064-41409,Southern Europe,2013-05-20,5/15/2013,,2013-05-27,inferred_from_ship
Yes,US-2013-DG13300140-41458,Eastern US,2013-07-05,7/3/2013,,2013-07-12,inferred_from_ship
Yes,US-2013-DG13300140-41458,Eastern US,2013-07-05,7/3/2013,,2013-07-12,inferred_from_ship
Yes,US-2013-DG13300140-41458,Eastern US,2013-07-05,7/3/2013,,2013-07-12,inferred_from_ship
Yes,CA-2014-IG15085140-41808,Western US,2014-06-23,6/18/2014,,2014-06-30,inferred_from_ship
Yes,ES-2015-LO17170139-42166,Northern Europe,2015-06-13,6/11/2015,,2015-06-20,inferred_from_ship
Yes,IN-2015-SS2059059-42364,Southeastern Asia,2015-12-31,12/26/2015,,2016-01-07,inferred_from_ship
Yes,IN-2015-SS2059059-42364,Southeastern Asia,2015-12-31,12/26/2015,,2016-01-07,inferred_from_ship
Yes,IN-2015-SS2059059-42364,Southeastern Asia,2015-12-31,12/26/2015,,2016-01-07,inferred_from_ship
Yes,AG-2014-CP20853-41889,North Africa,2014-09-10,9/7/2014,,2014-09-17,inferred_from_ship
Yes,AG-2014-CP20853-41889,North Africa,2014-09-10,9/7/2014,,2014-09-17,inferred_from_ship
Yes,US-2012-AB1025582-40928,Central America,2012-01-25,1/20/2012,,2012-02-01,inferred_from_ship
Yes,TU-2014-PK8910134-41798,Western Asia,2014-06-14,6/8/2014,,2014-06-21,inferred_from_ship
Yes,TU-2014-PK8910134-41798,Western Asia,2014-06-14,6/8/2014,,2014-06-21,inferred_from_ship
Yes,TU-2014-PK8910134-41798,Western Asia,2014-06-14,6/8/2014,,2014-06-21,inferred_from_ship
Yes,IT-2015-JW1522091-42234,Western Europe,2015-08-23,8/18/2015,,2015-08-30,inferred_from_ship
Yes,IT-2015-JW1522091-42234,Western Europe,2015-08-23,8/18/2015,,2015-08-30,inferred_from_ship
Yes,CA-2013-RH19510140-41544,Western US,2013-09-29,9/27/2013,,2013-10-06,inferred_from_ship
Yes,CA-2013-RH19510140-41544,Western US,2013-09-29,9/27/2013,,2013-10-06,inferred_from_ship
Yes,CA-2013-RH19510140-41544,Western US,2013-09-29,9/27/2013,,2013-10-06,inferred_from_ship
Yes,ES-2014-DM13015120-41856,Southern Europe,2014-08-08,8/5/2014,,2014-08-15,inferred_from_ship
Yes,NI-2013-JB600095-41621,Western Africa,2013-12-17,12/13/2013,,2013-12-24,inferred_from_ship
Yes,NI-2013-JB600095-41621,Western Africa,2013-12-17,12/13/2013,,2013-12-24,inferred_from_ship
Yes,US-2015-TC2114555-42166,Central America,2015-06-16,6/11/2015,,2015-06-23,inferred_from_ship
Yes,US-2015-TC2114555-42166,Central America,2015-06-16,6/11/2015,,2015-06-23,inferred_from_ship
Yes,US-2015-TC2114555-42166,Central America,2015-06-16,6/11/2015,,2015-06-23,inferred_from_ship
Yes,US-2015-TC2114555-42166,Central America,2015-06-16,6/11/2015,,2015-06-23,inferred_from_ship
Yes,US-2015-TC2114555-42166,Central America,2015-06-16,6/11/2015,,2015-06-23,inferred_from_ship
Yes,US-2015-TC2114555-42166,Central America,2015-06-16,6/11/2015,,2015-06-23,inferred_from_ship
Yes,US-2015-TC2114555-42166,Central America,2015-06-16,6/11/2015,,2015-06-23,inferred_from_ship
Yes,IT-2013-DJ1351064-41352,Southern Europe,2013-03-24,3/19/2013,,2013-03-31,inferred_from_ship
Yes,IT-2013-DJ1351064-41352,Southern Europe,2013-03-24,3/19/2013,,2013-03-31,inferred_from_ship
Yes,IN-2012-DB131207-41257,Oceania,2012-12-19,12/14/2012,,2012-12-26,inferred_from_ship
Yes,IZ-2015-EH412561-42161,Western Asia,2015-06-06,6/6/2015,,2015-06-13,inferred_from_ship
Yes,US-2013-KB16315140-41318,Eastern US,2013-02-18,2/13/2013,,2013-02-25,inferred_from_ship
Yes,US-2013-KB16315140-41318,Eastern US,2013-02-18,2/13/2013,,2013-02-25,inferred_from_ship
Yes,US-2013-KB16315140-41318,Eastern US,2013-02-18,2/13/2013,,2013-02-25,inferred_from_ship
Yes,US-2013-KB16315140-41318,Eastern US,2013-02-18,2/13/2013,,2013-02-25,inferred_from_ship
Yes,US-2013-KB16315140-41318,Eastern US,2013-02-18,2/13/2013,,2013-02-25,inferred_from_ship
Yes,CA-2015-CV12805140-42025,Eastern US,2015-01-24,1/21/2015,,2015-01-31,inferred_from_ship
Yes,MX-2015-AG1052518-42357,South America,2015-12-25,12/19/2015,,2016-01-01,inferred_from_ship
Yes,MX-2015-AG1052518-42357,South America,2015-12-25,12/19/2015,,2016-01-01,inferred_from_ship
Yes,IN-2012-MP179657-41242,Oceania,2012-12-06,11/29/2012,,2012-12-13,inferred_from_ship
Yes,IN-2012-MP179657-41242,Oceania,2012-12-06,11/29/2012,,2012-12-13,inferred_from_ship
Yes,IN-2015-PG1882097-42251,Southern Asia,2015-09-08,9/4/2015,,2015-09-15,inferred_from_ship
Yes,IN-2015-PG1882097-42251,Southern Asia,2015-09-08,9/4/2015,,2015-09-15,inferred_from_ship
Yes,ES-2012-SW2024548-41073,Western Europe,2012-06-17,6/13/2012,,2012-06-24,inferred_from_ship
Yes,ES-2012-SW2024548-41073,Western Europe,2012-06-17,6/13/2012,,2012-06-24,inferred_from_ship
Yes,ES-2012-SW2024548-41073,Western Europe,2012-06-17,6/13/2012,,2012-06-24,inferred_from_ship
Yes,IT-2012-MC1742548-41177,Western Europe,2012-09-30,9/25/2012,,2012-10-07,inferred_from_ship
Yes,IT-2012-MC1742548-41177,Western Europe,2012-09-30,9/25/2012,,2012-10-07,inferred_from_ship
Yes,TU-2012-CS1845134-41235,Western Asia,2012-11-26,11/22/2012,,2012-12-03,inferred_from_ship
Yes,TU-2012-CS1845134-41235,Western Asia,2012-11-26,11/22/2012,,2012-12-03,inferred_from_ship
Yes,TU-2012-CS1845134-41235,Western Asia,2012-11-26,11/22/2012,,2012-12-03,inferred_from_ship
Yes,TU-2012-CS1845134-41235,Western Asia,2012-11-26,11/22/2012,,2012-12-03,inferred_from_ship
Yes,TU-2012-CS1845134-41235,Western Asia,2012-11-26,11/22/2012,,2012-12-03,inferred_from_ship
Yes,TU-2012-CS1845134-41235,Western Asia,2012-11-26,11/22/2012,,2012-12-03,inferred_from_ship
Yes,TU-2012-CS1845134-41235,Western Asia,2012-11-26,11/22/2012,,2012-12-03,inferred_from_ship
Yes,CA-2015-SC20725140-42182,Eastern US,2015-07-01,6/27/2015,,2015-07-08,inferred_from_ship
Yes,ES-2015-TP21415139-42251,Northern Europe,2015-09-07,9/4/2015,,2015-09-14,inferred_from_ship
Yes,ES-2015-TP21415139-42251,Northern Europe,2015-09-07,9/4/2015,,2015-09-14,inferred_from_ship
Yes,CA-2015-RA19915140-42357,Western US,2015-12-24,12/19/2015,,2015-12-31,inferred_from_ship
Yes,CA-2015-RA19915140-42357,Western US,2015-12-24,12/19/2015,,2015-12-31,inferred_from_ship
Yes,CA-2015-RA19915140-42357,Western US,2015-12-24,12/19/2015,,2015-12-31,inferred_from_ship
Yes,ES-2014-SV2093545-41674,Western Europe,2014-02-08,2/4/2014,,2014-02-15,inferred_from_ship
Yes,KZ-2015-RM975068-42228,Central Asia,2015-08-14,8/12/2015,,2015-08-21,inferred_from_ship
Yes,KZ-2015-RM975068-42228,Central Asia,2015-08-14,8/12/2015,,2015-08-21,inferred_from_ship
Yes,KG-2015-RH955570-42340,Central Asia,2015-12-05,12/2/2015,,2015-12-12,inferred_from_ship
Yes,KG-2015-RH955570-42340,Central Asia,2015-12-05,12/2/2015,,2015-12-12,inferred_from_ship
Yes,KG-2015-RH955570-42340,Central Asia,2015-12-05,12/2/2015,,2015-12-12,inferred_from_ship
Yes,IT-2015-JS1603045-42229,Western Europe,2015-08-16,8/13/2015,,2015-08-23,inferred_from_ship
Yes,CA-2015-LW16990140-42336,Western US,2015-12-04,11/28/2015,,2015-12-11,inferred_from_ship
Yes,CA-2015-LW16990140-42336,Western US,2015-12-04,11/28/2015,,2015-12-11,inferred_from_ship
Yes,IN-2015-SS2059059-42236,Southeastern Asia,2015-08-23,8/20/2015,,2015-08-30,inferred_from_ship
Yes,IN-2015-SS2059059-42236,Southeastern Asia,2015-08-23,8/20/2015,,2015-08-30,inferred_from_ship
Yes,IN-2015-SS2059059-42236,Southeastern Asia,2015-08-23,8/20/2015,,2015-08-30,inferred_from_ship
Yes,IN-2015-SS2059059-42236,Southeastern Asia,2015-08-23,8/20/2015,,2015-08-30,inferred_from_ship
Yes,IN-2015-SS2059059-42236,Southeastern Asia,2015-08-23,8/20/2015,,2015-08-30,inferred_from_ship
Yes,IN-2012-LH1715559-40968,Southeastern Asia,2012-03-05,2/29/2012,,2012-03-12,inferred_from_ship
Yes,IN-2012-LH1715559-40968,Southeastern Asia,2012-03-05,2/29/2012,,2012-03-12,inferred_from_ship
Yes,US-2015-TT21220140-42186,Western US,2015-07-06,7/1/2015,,2015-07-13,inferred_from_ship
Yes,SF-2015-RS9765117-42224,Southern Africa,2015-08-12,8/8/2015,,2015-08-19,inferred_from_ship
Yes,ID-2014-JF153557-41649,Oceania,2014-01-14,1/10/2014,,2014-01-21,inferred_from_ship
Yes,ID-2014-JF153557-41649,Oceania,2014-01-14,1/10/2014,,2014-01-21,inferred_from_ship
Yes,IT-2014-CA12310139-41961,Northern Europe,2014-11-24,11/18/2014,,2014-12-01,inferred_from_ship
Yes,ES-2015-SL2015545-42335,Western Europe,2015-12-01,11/27/2015,,2015-12-08,inferred_from_ship
Yes,ES-2015-SL2015545-42335,Western Europe,2015-12-01,11/27/2015,,2015-12-08,inferred_from_ship
Yes,IT-2014-DB1312091-41894,Western Europe,2014-09-15,9/12/2014,,2014-09-22,inferred_from_ship
Yes,IT-2014-DB1312091-41894,Western Europe,2014-09-15,9/12/2014,,2014-09-22,inferred_from_ship
Yes,IT-2015-DB13555139-42063,Northern Europe,2015-03-04,2/28/2015,,2015-03-11,inferred_from_ship
Yes,IT-2015-DB13555139-42063,Northern Europe,2015-03-04,2/28/2015,,2015-03-11,inferred_from_ship
Yes,IT-2015-DB13555139-42063,Northern Europe,2015-03-04,2/28/2015,,2015-03-11,inferred_from_ship
Yes,IT-2015-DB13555139-42063,Northern Europe,2015-03-04,2/28/2015,,2015-03-11,inferred_from_ship
Yes,IT-2015-DB13555139-42063,Northern Europe,2015-03-04,2/28/2015,,2015-03-11,inferred_from_ship
Yes,IT-2015-DB13555139-42063,Northern Europe,2015-03-04,2/28/2015,,2015-03-11,inferred_from_ship
Yes,CA-2012-DB13360140-41231,Western US,2012-11-23,11/18/2012,,2012-11-30,inferred_from_ship
Yes,CA-2013-NW18400140-41599,Western US,2013-11-25,11/21/2013,,2013-12-02,inferred_from_ship
Yes,CA-2013-NW18400140-41599,Western US,2013-11-25,11/21/2013,,2013-12-02,inferred_from_ship
Yes,MX-2013-TB2128039-41278,Central America,2013-01-09,1/4/2013,,2013-01-16,inferred_from_ship
Yes,MX-2013-TB2128039-41278,Central America,2013-01-09,1/4/2013,,2013-01-16,inferred_from_ship
Yes,MX-2013-TB2128039-41278,Central America,2013-01-09,1/4/2013,,2013-01-16,inferred_from_ship
Yes,MX-2013-TB2128039-41278,Central America,2013-01-09,1/4/2013,,2013-01-16,inferred_from_ship
Yes,ES-2012-JC1577548-41195,Western Europe,2012-10-16,10/13/2012,,2012-10-23,inferred_from_ship
Yes,ES-2012-KB162408-41191,Western Europe,2012-10-11,10/9/2012,,2012-10-18,inferred_from_ship
Yes,IN-2014-VF2171527-41819,Eastern Asia,2014-07-04,6/29/2014,,2014-07-11,inferred_from_ship
Yes,IN-2014-VF2171527-41819,Eastern Asia,2014-07-04,6/29/2014,,2014-07-11,inferred_from_ship
Yes,IN-2014-VF2171527-41819,Eastern Asia,2014-07-04,6/29/2014,,2014-07-11,inferred_from_ship
Yes,IN-2014-VF2171527-41819,Eastern Asia,2014-07-04,6/29/2014,,2014-07-11,inferred_from_ship
Yes,MO-2015-AB60086-42173,North Africa,2015-06-23,6/18/2015,,2015-06-30,inferred_from_ship
Yes,MO-2015-AB60086-42173,North Africa,2015-06-23,6/18/2015,,2015-06-30,inferred_from_ship
Yes,MO-2015-AB60086-42173,North Africa,2015-06-23,6/18/2015,,2015-06-30,inferred_from_ship
Yes,MO-2015-AB60086-42173,North Africa,2015-06-23,6/18/2015,,2015-06-30,inferred_from_ship
Yes,MO-2015-AB60086-42173,North Africa,2015-06-23,6/18/2015,,2015-06-30,inferred_from_ship
Yes,MO-2015-AB60086-42173,North Africa,2015-06-23,6/18/2015,,2015-06-30,inferred_from_ship
Yes,ID-2012-LH1715592-41091,Oceania,2012-07-06,7/1/2012,,2012-07-13,inferred_from_ship
Yes,ID-2012-LH1715592-41091,Oceania,2012-07-06,7/1/2012,,2012-07-13,inferred_from_ship
Yes,ES-2014-BP11230139-41970,Northern Europe,2014-12-03,11/27/2014,,2014-12-10,inferred_from_ship
Yes,IN-2015-DF1313559-42360,Southeastern Asia,2015-12-26,12/22/2015,,2016-01-02,inferred_from_ship
Yes,IN-2015-DF1313559-42360,Southeastern Asia,2015-12-26,12/22/2015,,2016-01-02,inferred_from_ship
Yes,ES-2015-DK13375139-42082,Northern Europe,2015-03-19,3/19/2015,,2015-03-26,inferred_from_ship
Yes,US-2015-RM197505-42122,South America,2015-05-05,4/28/2015,,2015-05-12,inferred_from_ship
Yes,CA-2015-EH14125140-42035,Western US,2015-02-07,1/31/2015,,2015-02-14,inferred_from_ship
Yes,CA-2015-EH14125140-42035,Western US,2015-02-07,1/31/2015,,2015-02-14,inferred_from_ship
Yes,CA-2015-EH14125140-42035,Western US,2015-02-07,1/31/2015,,2015-02-14,inferred_from_ship
Yes,IN-2013-DR12880144-41384,Southeastern Asia,2013-04-25,4/20/2013,,2013-05-02,inferred_from_ship
Yes,IN-2015-RH196007-42179,Oceania,2015-06-28,6/24/2015,,2015-07-05,inferred_from_ship
Yes,ES-2015-JW152208-42033,Western Europe,2015-02-03,1/29/2015,,2015-02-10,inferred_from_ship
Yes,CA-2013-GB14530140-41583,Southern US,2013-11-09,11/5/2013,,2013-11-16,inferred_from_ship
Yes,IN-2015-NK1849058-42154,Southern Asia,2015-06-04,5/30/2015,,2015-06-11,inferred_from_ship
Yes,IN-2015-NK1849058-42154,Southern Asia,2015-06-04,5/30/2015,,2015-06-11,inferred_from_ship
Yes,IN-2015-NK1849058-42154,Southern Asia,2015-06-04,5/30/2015,,2015-06-11,inferred_from_ship
Yes,CA-2015-TD20995140-42118,Eastern US,2015-04-26,4/24/2015,,2015-05-03,inferred_from_ship
Yes,MX-2014-JR1570039-41955,Central America,2014-11-17,11/12/2014,,2014-11-24,inferred_from_ship
Yes,MX-2014-JR1570039-41955,Central America,2014-11-17,11/12/2014,,2014-11-24,inferred_from_ship
Yes,ID-2014-TB21280130-41884,Southeastern Asia,2014-09-07,9/2/2014,,2014-09-14,inferred_from_ship
Yes,ID-2014-TB21280130-41884,Southeastern Asia,2014-09-07,9/2/2014,,2014-09-14,inferred_from_ship
Yes,NG-2013-NB858094-41469,Western Africa,2013-07-15,7/14/2013,,2013-07-22,inferred_from_ship
Yes,CA-2015-EP13915140-42316,Eastern US,2015-11-14,11/8/2015,,2015-11-21,inferred_from_ship
Yes,CA-2015-EP13915140-42316,Eastern US,2015-11-14,11/8/2015,,2015-11-21,inferred_from_ship
Yes,ID-2015-JC1538592-42039,Oceania,2015-02-09,2/4/2015,,2015-02-16,inferred_from_ship
Yes,ES-2014-AH10585139-41920,Northern Europe,2014-10-15,10/8/2014,,2014-10-22,inferred_from_ship
Yes,MX-2015-CR1273051-42262,Central America,2015-09-16,9/15/2015,,2015-09-23,inferred_from_ship
Yes,ES-2012-AB1016545-40957,Western Europe,2012-02-23,2/18/2012,,2012-03-01,inferred_from_ship
Yes,ES-2012-AB1016545-40957,Western Europe,2012-02-23,2/18/2012,,2012-03-01,inferred_from_ship
Yes,ES-2014-AG1039045-41685,Western Europe,2014-02-15,2/15/2014,,2014-02-22,inferred_from_ship
Yes,ES-2014-AG1039045-41685,Western Europe,2014-02-15,2/15/2014,,2014-02-22,inferred_from_ship
Yes,GG-2012-BS159047-41184,Western Asia,2012-10-04,10/2/2012,,2012-10-11,inferred_from_ship
Yes,GG-2012-BS159047-41184,Western Asia,2012-10-04,10/2/2012,,2012-10-11,inferred_from_ship
Yes,IN-2014-DW131957-41982,Oceania,2014-12-13,12/9/2014,,2014-12-20,inferred_from_ship
Yes,IT-2014-BS1166562-41864,Northern Europe,2014-08-18,8/13/2014,,2014-08-25,inferred_from_ship
Yes,IT-2014-BS1166562-41864,Northern Europe,2014-08-18,8/13/2014,,2014-08-25,inferred_from_ship
Yes,IT-2014-BS1166562-41864,Northern Europe,2014-08-18,8/13/2014,,2014-08-25,inferred_from_ship
Yes,IN-2013-MY1738058-41545,Southern Asia,2013-10-02,9/28/2013,,2013-10-09,inferred_from_ship
Yes,MX-2012-KD1634518-40977,South America,2012-03-13,3/9/2012,,2012-03-20,inferred_from_ship
Yes,IT-2013-CA1205591-41545,Western Europe,2013-09-30,9/28/2013,,2013-10-07,inferred_from_ship
Yes,CA-2013-NF847523-41549,Western Canada,2013-10-07,10/2/2013,,2013-10-14,inferred_from_ship
Yes,CA-2013-NF847523-41549,Western Canada,2013-10-07,10/2/2013,,2013-10-14,inferred_from_ship
Yes,CA-2013-NF847523-41549,Western Canada,2013-10-07,10/2/2013,,2013-10-14,inferred_from_ship
Yes,CA-2013-NF847523-41549,Western Canada,2013-10-07,10/2/2013,,2013-10-14,inferred_from_ship
Yes,CA-2013-NF847523-41549,Western Canada,2013-10-07,10/2/2013,,2013-10-14,inferred_from_ship
Yes,CA-2015-SG20605140-42120,Western US,2015-04-28,4/26/2015,,2015-05-05,inferred_from_ship
Yes,US-2015-FW1439518-42306,South America,2015-11-03,10/29/2015,,2015-11-10,inferred_from_ship
Yes,US-2015-FW1439518-42306,South America,2015-11-03,10/29/2015,,2015-11-10,inferred_from_ship
Yes,US-2015-FW1439518-42306,South America,2015-11-03,10/29/2015,,2015-11-10,inferred_from_ship
Yes,SG-2015-BE1410111-42348,Western Africa,2015-12-16,12/10/2015,,2015-12-23,inferred_from_ship
Yes,SG-2015-BE1410111-42348,Western Africa,2015-12-16,12/10/2015,,2015-12-23,inferred_from_ship
Yes,SG-2015-BE1410111-42348,Western Africa,2015-12-16,12/10/2015,,2015-12-23,inferred_from_ship
Yes,CA-2015-LT17110140-42335,Eastern US,2015-12-01,11/27/2015,,2015-12-08,inferred_from_ship
Yes,US-2013-AB10105101-41446,South America,2013-06-28,6/21/2013,,2013-07-05,inferred_from_ship
Yes,US-2013-AB10105101-41446,South America,2013-06-28,6/21/2013,,2013-07-05,inferred_from_ship
Yes,US-2013-AB10105101-41446,South America,2013-06-28,6/21/2013,,2013-07-05,inferred_from_ship
Yes,SO-2014-GM4455116-41984,Eastern Africa,2014-12-15,12/11/2014,,2014-12-22,inferred_from_ship
Yes,SO-2014-GM4455116-41984,Eastern Africa,2014-12-15,12/11/2014,,2014-12-22,inferred_from_ship
Yes,ES-2015-NH1861048-42299,Western Europe,2015-10-29,10/22/2015,,2015-11-05,inferred_from_ship
Yes,CA-2013-AH10690140-41639,Central US,2014-01-02,12/31/2013,,2014-01-09,inferred_from_ship
Yes,ML-2013-GW460579-41403,Western Africa,2013-05-14,5/9/2013,,2013-05-21,inferred_from_ship
Yes,ML-2013-GW460579-41403,Western Africa,2013-05-14,5/9/2013,,2013-05-21,inferred_from_ship
Yes,PL-2013-JF5190103-41443,Eastern Europe,2013-06-23,6/18/2013,,2013-06-30,inferred_from_ship
Yes,PL-2013-JF5190103-41443,Eastern Europe,2013-06-23,6/18/2013,,2013-06-30,inferred_from_ship
Yes,ID-2013-TC2114527-41594,Eastern Asia,2013-11-21,11/16/2013,,2013-11-28,inferred_from_ship
Yes,ID-2013-TC2114527-41594,Eastern Asia,2013-11-21,11/16/2013,,2013-11-28,inferred_from_ship
Yes,CA-2013-ES14020140-41384,Central US,2013-04-25,4/20/2013,,2013-05-02,inferred_from_ship
Yes,IN-2012-SC2057559-41146,Southeastern Asia,2012-08-28,8/25/2012,,2012-09-04,inferred_from_ship
Yes,IN-2012-SC2057559-41146,Southeastern Asia,2012-08-28,8/25/2012,,2012-09-04,inferred_from_ship
Yes,CA-2013-SJ20215140-41461,Western US,2013-07-11,7/6/2013,,2013-07-18,inferred_from_ship
Yes,ES-2015-PC1900045-42227,Western Europe,2015-08-15,8/11/2015,,2015-08-22,inferred_from_ship
Yes,ES-2015-PC1900045-42227,Western Europe,2015-08-15,8/11/2015,,2015-08-22,inferred_from_ship
Yes,US-2013-KA1652582-41360,Central America,2013-03-31,3/27/2013,,2013-04-07,inferred_from_ship
Yes,US-2013-KA1652582-41360,Central America,2013-03-31,3/27/2013,,2013-04-07,inferred_from_ship
Yes,IZ-2015-JM525061-42235,Western Asia,2015-08-25,8/19/2015,,2015-09-01,inferred_from_ship
Yes,IZ-2015-JM525061-42235,Western Asia,2015-08-25,8/19/2015,,2015-09-01,inferred_from_ship
Yes,IZ-2015-JM525061-42235,Western Asia,2015-08-25,8/19/2015,,2015-09-01,inferred_from_ship
Yes,IZ-2015-JM525061-42235,Western Asia,2015-08-25,8/19/2015,,2015-09-01,inferred_from_ship
Yes,MA-2012-TZ1144577-41037,Eastern Africa,2012-05-14,5/8/2012,,2012-05-21,inferred_from_ship
Yes,US-2013-CD1198055-41594,Central America,2013-11-21,11/16/2013,,2013-11-28,inferred_from_ship
Yes,US-2013-CD1198055-41594,Central America,2013-11-21,11/16/2013,,2013-11-28,inferred_from_ship
Yes,US-2013-CD1198055-41594,Central America,2013-11-21,11/16/2013,,2013-11-28,inferred_from_ship
Yes,IT-2015-JK1609048-42097,Western Europe,2015-04-07,4/3/2015,,2015-04-14,inferred_from_ship
Yes,ES-2013-CS1225048-41579,Western Europe,2013-11-07,11/1/2013,,2013-11-14,inferred_from_ship
Yes,ES-2013-CS1225048-41579,Western Europe,2013-11-07,11/1/2013,,2013-11-14,inferred_from_ship
Yes,ES-2013-CS1225048-41579,Western Europe,2013-11-07,11/1/2013,,2013-11-14,inferred_from_ship
Yes,CA-2014-BC11125140-41846,Western US,2014-07-26,7/26/2014,,2014-08-02,inferred_from_ship
Yes,MX-2015-CM1211528-42296,South America,2015-10-23,10/19/2015,,2015-10-30,inferred_from_ship
Yes,ES-2015-AM10705120-42213,Southern Europe,2015-08-03,7/28/2015,,2015-08-10,inferred_from_ship
Yes,ES-2015-AM10705120-42213,Southern Europe,2015-08-03,7/28/2015,,2015-08-10,inferred_from_ship
Yes,ES-2015-AM10705120-42213,Southern Europe,2015-08-03,7/28/2015,,2015-08-10,inferred_from_ship
Yes,ES-2015-AM10705120-42213,Southern Europe,2015-08-03,7/28/2015,,2015-08-10,inferred_from_ship
Yes,US-2013-LB1679555-41462,Central America,2013-07-11,7/7/2013,,2013-07-18,inferred_from_ship
Yes,CA-2012-KN16390140-41244,Eastern US,2012-12-06,12/1/2012,,2012-12-13,inferred_from_ship
Yes,MO-2015-LA678086-42168,North Africa,2015-06-17,6/13/2015,,2015-06-24,inferred_from_ship
Yes,CA-2015-GM14455140-42353,Central US,2015-12-21,12/15/2015,,2015-12-28,inferred_from_ship
Yes,CA-2015-GM14455140-42353,Central US,2015-12-21,12/15/2015,,2015-12-28,inferred_from_ship
Yes,CA-2015-GM14455140-42353,Central US,2015-12-21,12/15/2015,,2015-12-28,inferred_from_ship
Yes,ES-2012-DM1295548-41100,Western Europe,2012-07-14,7/10/2012,,2012-07-21,inferred_from_ship
Yes,MX-2012-DM1301593-40971,Central America,2012-03-07,3/3/2012,,2012-03-14,inferred_from_ship
Yes,MX-2012-DM1301593-40971,Central America,2012-03-07,3/3/2012,,2012-03-14,inferred_from_ship
Yes,IN-2014-HM1486092-41679,Oceania,2014-02-14,2/9/2014,,2014-02-21,inferred_from_ship
Yes,ID-2015-SS205907-42361,Oceania,2015-12-27,12/23/2015,,2016-01-03,inferred_from_ship
Yes,ID-2015-SS205907-42361,Oceania,2015-12-27,12/23/2015,,2016-01-03,inferred_from_ship
Yes,IT-2013-GT14710125-41392,Western Europe,2013-05-04,4/28/2013,,2013-05-11,inferred_from_ship
Yes,ID-2015-MG1768092-42032,Oceania,2015-02-02,1/28/2015,,2015-02-09,inferred_from_ship
Yes,ID-2015-MG1768092-42032,Oceania,2015-02-02,1/28/2015,,2015-02-09,inferred_from_ship
Yes,IN-2015-VP2173058-42024,Southern Asia,2015-01-22,1/20/2015,,2015-01-29,inferred_from_ship
Yes,ES-2013-HG14965120-41571,Southern Europe,2013-10-27,10/24/2013,,2013-11-03,inferred_from_ship
Yes,IR-2012-JF529560-40988,Southern Asia,2012-03-25,3/20/2012,,2012-04-01,inferred_from_ship
Yes,IR-2012-JF529560-40988,Southern Asia,2012-03-25,3/20/2012,,2012-04-01,inferred_from_ship
Yes,IR-2012-JF529560-40988,Southern Asia,2012-03-25,3/20/2012,,2012-04-01,inferred_from_ship
Yes,US-2014-KD16495140-41976,Western US,2014-12-08,12/3/2014,,2014-12-15,inferred_from_ship
Yes,US-2014-KD16495140-41976,Western US,2014-12-08,12/3/2014,,2014-12-15,inferred_from_ship
Yes,US-2014-KD16495140-41976,Western US,2014-12-08,12/3/2014,,2014-12-15,inferred_from_ship
Yes,US-2014-KD16495140-41976,Western US,2014-12-08,12/3/2014,,2014-12-15,inferred_from_ship
Yes,MX-2015-FG142605-42318,South America,2015-11-14,11/10/2015,,2015-11-21,inferred_from_ship
Yes,MX-2015-FG142605-42318,South America,2015-11-14,11/10/2015,,2015-11-21,inferred_from_ship
Yes,ES-2012-SV20365120-41132,Southern Europe,2012-08-15,8/11/2012,,2012-08-22,inferred_from_ship
Yes,US-2014-DL12925101-41646,South America,2014-01-13,1/7/2014,,2014-01-20,inferred_from_ship
Yes,US-2014-DL12925101-41646,South America,2014-01-13,1/7/2014,,2014-01-20,inferred_from_ship
Yes,US-2014-DL12925101-41646,South America,2014-01-13,1/7/2014,,2014-01-20,inferred_from_ship
Yes,US-2014-DL12925101-41646,South America,2014-01-13,1/7/2014,,2014-01-20,inferred_from_ship
Yes,US-2014-DL12925101-41646,South America,2014-01-13,1/7/2014,,2014-01-20,inferred_from_ship
Yes,US-2014-DL12925101-41646,South America,2014-01-13,1/7/2014,,2014-01-20,inferred_from_ship
Yes,US-2014-DL12925101-41646,South America,2014-01-13,1/7/2014,,2014-01-20,inferred_from_ship
Yes,NI-2012-DV304595-41121,Western Africa,2012-08-02,7/31/2012,,2012-08-09,inferred_from_ship
Yes,NI-2012-DV304595-41121,Western Africa,2012-08-02,7/31/2012,,2012-08-09,inferred_from_ship
Yes,NI-2012-DV304595-41121,Western Africa,2012-08-02,7/31/2012,,2012-08-09,inferred_from_ship
Yes,NI-2012-DV304595-41121,Western Africa,2012-08-02,7/31/2012,,2012-08-09,inferred_from_ship
Yes,NI-2012-DV304595-41121,Western Africa,2012-08-02,7/31/2012,,2012-08-09,inferred_from_ship
Yes,ES-2013-GT1475545-41597,Western Europe,2013-11-26,11/19/2013,,2013-12-03,inferred_from_ship
Yes,ES-2013-GT1475545-41597,Western Europe,2013-11-26,11/19/2013,,2013-12-03,inferred_from_ship
Yes,ID-2014-CK1220527-41948,Eastern Asia,2014-11-11,11/5/2014,,2014-11-18,inferred_from_ship
Yes,ES-2013-PB18805120-41591,Southern Europe,2013-11-15,11/13/2013,,2013-11-22,inferred_from_ship
Yes,EG-2012-MC727538-41130,North Africa,2012-08-11,8/9/2012,,2012-08-18,inferred_from_ship
Yes,IN-2013-AM1070527-41535,Eastern Asia,2013-09-22,9/18/2013,,2013-09-29,inferred_from_ship
Yes,IN-2013-AM1070527-41535,Eastern Asia,2013-09-22,9/18/2013,,2013-09-29,inferred_from_ship
Yes,ES-2012-JH16180139-41090,Northern Europe,2012-07-02,6/30/2012,,2012-07-09,inferred_from_ship
Yes,ID-2013-TM210107-41492,Oceania,2013-08-10,8/6/2013,,2013-08-17,inferred_from_ship
Yes,ID-2015-CJ1187597-42147,Southern Asia,2015-05-27,5/23/2015,,2015-06-03,inferred_from_ship
Yes,ES-2014-TS2116045-41817,Western Europe,2014-07-01,6/27/2014,,2014-07-08,inferred_from_ship
Yes,CA-2014-ES14080140-41737,Eastern US,2014-04-10,4/8/2014,,2014-04-17,inferred_from_ship
Yes,US-2015-GT1471055-42299,Central America,2015-10-27,10/22/2015,,2015-11-03,inferred_from_ship
Yes,US-2015-GT1471055-42299,Central America,2015-10-27,10/22/2015,,2015-11-03,inferred_from_ship
Yes,US-2015-GT1471055-42299,Central America,2015-10-27,10/22/2015,,2015-11-03,inferred_from_ship
Yes,US-2015-GT1471055-42299,Central America,2015-10-27,10/22/2015,,2015-11-03,inferred_from_ship
Yes,IN-2014-PW1903058-41999,Southern Asia,2014-12-30,12/26/2014,,2015-01-06,inferred_from_ship
Yes,IN-2014-PW1903058-41999,Southern Asia,2014-12-30,12/26/2014,,2015-01-06,inferred_from_ship
Yes,ID-2012-NB1858092-41241,Oceania,2012-12-04,11/28/2012,,2012-12-11,inferred_from_ship
Yes,ID-2012-NB1858092-41241,Oceania,2012-12-04,11/28/2012,,2012-12-11,inferred_from_ship
Yes,ID-2012-NB1858092-41241,Oceania,2012-12-04,11/28/2012,,2012-12-11,inferred_from_ship
Yes,IN-2014-TS211607-41875,Oceania,2014-08-28,8/24/2014,,2014-09-04,inferred_from_ship
Yes,IN-2014-TS211607-41875,Oceania,2014-08-28,8/24/2014,,2014-09-04,inferred_from_ship
Yes,IN-2013-RH195107-41573,Oceania,2013-10-30,10/26/2013,,2013-11-06,inferred_from_ship
Yes,IN-2013-RH195107-41573,Oceania,2013-10-30,10/26/2013,,2013-11-06,inferred_from_ship
Yes,US-2015-JH1543055-42328,Central America,2015-11-23,11/20/2015,,2015-11-30,inferred_from_ship
Yes,US-2014-PK19075140-41907,Eastern US,2014-10-02,9/25/2014,,2014-10-09,inferred_from_ship
Yes,IN-2013-MG176957-41542,Oceania,2013-10-01,9/25/2013,,2013-10-08,inferred_from_ship
Yes,IR-2013-PK891060-41342,Southern Asia,2013-03-16,3/9/2013,,2013-03-23,inferred_from_ship
Yes,IR-2013-PK891060-41342,Southern Asia,2013-03-16,3/9/2013,,2013-03-23,inferred_from_ship
Yes,IR-2013-PK891060-41342,Southern Asia,2013-03-16,3/9/2013,,2013-03-23,inferred_from_ship
Yes,MX-2014-ML1775593-41795,Central America,2014-06-05,6/5/2014,,2014-06-12,inferred_from_ship
Yes,MX-2014-ML1775593-41795,Central America,2014-06-05,6/5/2014,,2014-06-12,inferred_from_ship
Yes,IT-2014-VP2173048-41990,Western Europe,2014-12-22,12/17/2014,,2014-12-29,inferred_from_ship
Yes,CA-2013-LS17245140-41629,Southern US,2013-12-24,12/21/2013,,2013-12-31,inferred_from_ship
Yes,ES-2012-BM1178545-41144,Western Europe,2012-08-28,8/23/2012,,2012-09-04,inferred_from_ship
Yes,PL-2012-LL6840103-41137,Eastern Europe,2012-08-18,8/16/2012,,2012-08-25,inferred_from_ship
Yes,IN-2014-SC205757-41662,Oceania,2014-01-24,1/23/2014,,2014-01-31,inferred_from_ship
Yes,IN-2014-SC205757-41662,Oceania,2014-01-24,1/23/2014,,2014-01-31,inferred_from_ship
Yes,CA-2012-RP19270140-41200,Western US,2012-10-21,10/18/2012,,2012-10-28,inferred_from_ship
Yes,CA-2012-RP19270140-41200,Western US,2012-10-21,10/18/2012,,2012-10-28,inferred_from_ship
Yes,CA-2012-RP19270140-41200,Western US,2012-10-21,10/18/2012,,2012-10-28,inferred_from_ship
Yes,CA-2012-RP19270140-41200,Western US,2012-10-21,10/18/2012,,2012-10-28,inferred_from_ship
Yes,CA-2012-RP19270140-41200,Western US,2012-10-21,10/18/2012,,2012-10-28,inferred_from_ship
Yes,SF-2013-KN6390117-41614,Southern Africa,2013-12-12,12/6/2013,,2013-12-19,inferred_from_ship
Yes,MX-2015-DA1345051-42180,Central America,2015-06-29,6/25/2015,,2015-07-06,inferred_from_ship
Yes,MX-2015-DA1345051-42180,Central America,2015-06-29,6/25/2015,,2015-07-06,inferred_from_ship
Yes,CA-2013-BM11575140-41532,Eastern US,2013-09-19,9/15/2013,,2013-09-26,inferred_from_ship
Yes,CA-2013-BM11575140-41532,Eastern US,2013-09-19,9/15/2013,,2013-09-26,inferred_from_ship
Yes,CA-2013-BM11575140-41532,Eastern US,2013-09-19,9/15/2013,,2013-09-26,inferred_from_ship
Yes,CA-2015-JC16105140-42301,Eastern US,2015-10-30,10/24/2015,,2015-11-06,inferred_from_ship
Yes,CA-2015-JC16105140-42301,Eastern US,2015-10-30,10/24/2015,,2015-11-06,inferred_from_ship
Yes,CA-2015-JC16105140-42301,Eastern US,2015-10-30,10/24/2015,,2015-11-06,inferred_from_ship
Yes,CA-2015-JC16105140-42301,Eastern US,2015-10-30,10/24/2015,,2015-11-06,inferred_from_ship
Yes,NI-2012-SP1086095-41090,Western Africa,2012-07-03,6/30/2012,,2012-07-10,inferred_from_ship
Yes,NI-2012-SP1086095-41090,Western Africa,2012-07-03,6/30/2012,,2012-07-10,inferred_from_ship
Yes,IT-2012-RS1987091-41200,Western Europe,2012-10-22,10/18/2012,,2012-10-29,inferred_from_ship
Yes,CA-2013-SM20950140-41627,Central US,2013-12-21,12/19/2013,,2013-12-28,inferred_from_ship
Yes,CA-2013-SM20950140-41627,Central US,2013-12-21,12/19/2013,,2013-12-28,inferred_from_ship
Yes,CA-2013-SM20950140-41627,Central US,2013-12-21,12/19/2013,,2013-12-28,inferred_from_ship
Yes,ES-2014-AS1009045-41885,Western Europe,2014-09-05,9/3/2014,,2014-09-12,inferred_from_ship
Yes,MX-2014-SK1999082-41922,Central America,2014-10-15,10/10/2014,,2014-10-22,inferred_from_ship
Yes,MX-2014-SK1999082-41922,Central America,2014-10-15,10/10/2014,,2014-10-22,inferred_from_ship
Yes,IT-2013-VW2177545-41580,Western Europe,2013-11-05,11/2/2013,,2013-11-12,inferred_from_ship
Yes,ES-2012-AI1085548-41187,Western Europe,2012-10-11,10/5/2012,,2012-10-18,inferred_from_ship
Yes,CA-2014-NZ18565140-41964,Eastern US,2014-11-25,11/21/2014,,2014-12-02,inferred_from_ship
Yes,CA-2014-NZ18565140-41964,Eastern US,2014-11-25,11/21/2014,,2014-12-02,inferred_from_ship
Yes,CA-2014-NZ18565140-41964,Eastern US,2014-11-25,11/21/2014,,2014-12-02,inferred_from_ship
Yes,CA-2014-NZ18565140-41964,Eastern US,2014-11-25,11/21/2014,,2014-12-02,inferred_from_ship
Yes,ES-2015-ES1402045-42032,Western Europe,2015-02-01,1/28/2015,,2015-02-08,inferred_from_ship
Yes,SA-2012-LC6870110-41121,Western Asia,2012-08-06,7/31/2012,,2012-08-13,inferred_from_ship
Yes,SA-2012-LC6870110-41121,Western Asia,2012-08-06,7/31/2012,,2012-08-13,inferred_from_ship
Yes,ES-2012-KN16705120-41257,Southern Europe,2012-12-18,12/14/2012,,2012-12-25,inferred_from_ship
Yes,TU-2015-EN3780134-42164,Western Asia,2015-06-11,6/9/2015,,2015-06-18,inferred_from_ship
Yes,CA-2013-MS17365140-41632,Western US,2013-12-29,12/24/2013,,2014-01-05,inferred_from_ship
Yes,CA-2013-MS17365140-41632,Western US,2013-12-29,12/24/2013,,2014-01-05,inferred_from_ship
Yes,CA-2013-MS17365140-41632,Western US,2013-12-29,12/24/2013,,2014-01-05,inferred_from_ship
Yes,MX-2013-JC1538528-41574,South America,2013-10-30,10/27/2013,,2013-11-06,inferred_from_ship
Yes,RW-2015-BG1740109-42353,Eastern Africa,2015-12-18,12/15/2015,,2015-12-25,inferred_from_ship
Yes,RW-2015-BG1740109-42353,Eastern Africa,2015-12-18,12/15/2015,,2015-12-25,inferred_from_ship
Yes,RW-2015-BG1740109-42353,Eastern Africa,2015-12-18,12/15/2015,,2015-12-25,inferred_from_ship
Yes,MX-2015-EL1373536-42278,Caribbean,2015-10-06,10/1/2015,,2015-10-13,inferred_from_ship
Yes,MX-2015-EL1373536-42278,Caribbean,2015-10-06,10/1/2015,,2015-10-13,inferred_from_ship
Yes,ES-2012-JK1564048-41191,Western Europe,2012-10-15,10/9/2012,,2012-10-22,inferred_from_ship
Yes,ES-2012-JK1564048-41191,Western Europe,2012-10-15,10/9/2012,,2012-10-22,inferred_from_ship
Yes,IN-2015-JH159857-42221,Oceania,2015-08-12,8/5/2015,,2015-08-19,inferred_from_ship
Yes,CA-2012-ML17395140-41194,Eastern US,2012-10-17,10/12/2012,,2012-10-24,inferred_from_ship
Yes,CA-2012-ML17395140-41194,Eastern US,2012-10-17,10/12/2012,,2012-10-24,inferred_from_ship
Yes,IR-2013-CM193560-41296,Southern Asia,2013-01-24,1/22/2013,,2013-01-31,inferred_from_ship
Yes,MX-2015-BD1172537-42330,South America,2015-11-26,11/22/2015,,2015-12-03,inferred_from_ship
Yes,ES-2013-BE1133564-41387,Southern Europe,2013-04-25,4/23/2013,,2013-05-02,inferred_from_ship
Yes,IT-2015-Dl1360048-42209,Western Europe,2015-07-28,7/24/2015,,2015-08-04,inferred_from_ship
Yes,CA-2012-RB19435140-41236,Central US,2012-11-28,11/23/2012,,2012-12-05,inferred_from_ship
Yes,IR-2015-JD615060-42186,Southern Asia,2015-07-06,7/1/2015,,2015-07-13,inferred_from_ship
Yes,ID-2014-AG1076527-41872,Eastern Asia,2014-08-27,8/21/2014,,2014-09-03,inferred_from_ship
Yes,MX-2013-JM156555-41549,South America,2013-10-09,10/2/2013,,2013-10-16,inferred_from_ship
Yes,IT-2013-DK1298564-41618,Southern Europe,2013-12-14,12/10/2013,,2013-12-21,inferred_from_ship
Yes,IT-2013-DK1298564-41618,Southern Europe,2013-12-14,12/10/2013,,2013-12-21,inferred_from_ship
Yes,IT-2013-DK1298564-41618,Southern Europe,2013-12-14,12/10/2013,,2013-12-21,inferred_from_ship
Yes,IT-2013-DK1298564-41618,Southern Europe,2013-12-14,12/10/2013,,2013-12-21,inferred_from_ship
Yes,IT-2013-DK1298564-41618,Southern Europe,2013-12-14,12/10/2013,,2013-12-21,inferred_from_ship
Yes,US-2014-MH1811554-41900,Caribbean,2014-09-25,9/18/2014,,2014-10-02,inferred_from_ship
Yes,US-2014-MH1811554-41900,Caribbean,2014-09-25,9/18/2014,,2014-10-02,inferred_from_ship
Yes,US-2014-MH1811554-41900,Caribbean,2014-09-25,9/18/2014,,2014-10-02,inferred_from_ship
Yes,IN-2013-MS17710113-41495,Southeastern Asia,2013-08-12,8/9/2013,,2013-08-19,inferred_from_ship
Yes,ID-2014-KB16600144-41986,Southeastern Asia,2014-12-19,12/13/2014,,2014-12-26,inferred_from_ship
Yes,ID-2014-KB16600144-41986,Southeastern Asia,2014-12-19,12/13/2014,,2014-12-26,inferred_from_ship
Yes,ID-2014-KB16600144-41986,Southeastern Asia,2014-12-19,12/13/2014,,2014-12-26,inferred_from_ship
Yes,ID-2014-KB16600144-41986,Southeastern Asia,2014-12-19,12/13/2014,,2014-12-26,inferred_from_ship
Yes,ID-2014-KB16600144-41986,Southeastern Asia,2014-12-19,12/13/2014,,2014-12-26,inferred_from_ship
Yes,ES-2014-SC2002045-41790,Western Europe,2014-06-05,5/31/2014,,2014-06-12,inferred_from_ship
Yes,ES-2014-SC2002045-41790,Western Europe,2014-06-05,5/31/2014,,2014-06-12,inferred_from_ship
Yes,ES-2014-SC2002045-41790,Western Europe,2014-06-05,5/31/2014,,2014-06-12,inferred_from_ship
Yes,CA-2012-LE16810140-41258,Southern US,2012-12-17,12/15/2012,,2012-12-24,inferred_from_ship
Yes,CA-2012-LE16810140-41258,Southern US,2012-12-17,12/15/2012,,2012-12-24,inferred_from_ship
Yes,CA-2015-DM13345140-42347,Western US,2015-12-15,12/9/2015,,2015-12-22,inferred_from_ship
Yes,CA-2015-DM13345140-42347,Western US,2015-12-15,12/9/2015,,2015-12-22,inferred_from_ship
Yes,CA-2015-DM13345140-42347,Western US,2015-12-15,12/9/2015,,2015-12-22,inferred_from_ship
Yes,CA-2015-DM13345140-42347,Western US,2015-12-15,12/9/2015,,2015-12-22,inferred_from_ship
Yes,CA-2014-BC11125140-41864,Eastern US,2014-08-17,8/13/2014,,2014-08-24,inferred_from_ship
Yes,IN-2013-NP186707-41474,Oceania,2013-07-19,7/19/2013,,2013-07-26,inferred_from_ship
Yes,IN-2013-NP186707-41474,Oceania,2013-07-19,7/19/2013,,2013-07-26,inferred_from_ship
Yes,TU-2014-JW5220134-41755,Western Asia,2014-04-30,4/26/2014,,2014-05-07,inferred_from_ship
Yes,CA-2014-RD19810140-41798,Eastern US,2014-06-11,6/8/2014,,2014-06-18,inferred_from_ship
Yes,IN-2015-JD1589558-42288,Southern Asia,2015-10-13,10/11/2015,,2015-10-20,inferred_from_ship
Yes,US-2014-VM21835140-41772,Western US,2014-05-17,5/13/2014,,2014-05-24,inferred_from_ship
Yes,US-2014-VM21835140-41772,Western US,2014-05-17,5/13/2014,,2014-05-24,inferred_from_ship
Yes,MX-2013-EH1412555-41276,Central America,2013-01-08,1/2/2013,,2013-01-15,inferred_from_ship
Yes,MX-2013-EH1412555-41276,Central America,2013-01-08,1/2/2013,,2013-01-15,inferred_from_ship
Yes,MX-2013-EH1412555-41276,Central America,2013-01-08,1/2/2013,,2013-01-15,inferred_from_ship
Yes,EZ-2012-PS904532-41150,Eastern Europe,2012-09-01,8/29/2012,,2012-09-08,inferred_from_ship
Yes,CA-2013-JD15895140-41620,Western US,2013-12-15,12/12/2013,,2013-12-22,inferred_from_ship
Yes,CA-2013-JD15895140-41620,Western US,2013-12-15,12/12/2013,,2013-12-22,inferred_from_ship
Yes,CA-2014-BD11620140-41707,Eastern US,2014-03-13,3/9/2014,,2014-03-20,inferred_from_ship
Yes,CA-2014-BD11620140-41707,Eastern US,2014-03-13,3/9/2014,,2014-03-20,inferred_from_ship
Yes,CA-2014-JH15985140-41888,Western US,2014-09-07,9/6/2014,,2014-09-14,inferred_from_ship
Yes,CA-2014-JH15985140-41888,Western US,2014-09-07,9/6/2014,,2014-09-14,inferred_from_ship
Yes,CA-2014-JH15985140-41888,Western US,2014-09-07,9/6/2014,,2014-09-14,inferred_from_ship
Yes,ES-2015-PO18850139-42264,Northern Europe,2015-09-22,9/17/2015,,2015-09-29,inferred_from_ship
Yes,CG-2015-PV898533-42225,Central Africa,2015-08-13,8/9/2015,,2015-08-20,inferred_from_ship
Yes,MX-2013-CD1279082-41521,Central America,2013-09-07,9/4/2013,,2013-09-14,inferred_from_ship
Yes,US-2012-DK1283536-40939,Caribbean,2012-02-06,1/31/2012,,2012-02-13,inferred_from_ship
Yes,US-2012-DK1283536-40939,Caribbean,2012-02-06,1/31/2012,,2012-02-13,inferred_from_ship
Yes,SF-2013-PF9165117-41490,Southern Africa,2013-08-10,8/4/2013,,2013-08-17,inferred_from_ship
Yes,SF-2013-PF9165117-41490,Southern Africa,2013-08-10,8/4/2013,,2013-08-17,inferred_from_ship
Yes,MX-2014-ES1402082-41929,Central America,2014-10-20,10/17/2014,,2014-10-27,inferred_from_ship
Yes,IT-2015-RB19570120-42181,Southern Europe,2015-07-01,6/26/2015,,2015-07-08,inferred_from_ship
Yes,CA-2014-TZ1144523-41985,Eastern Canada,2014-12-18,12/12/2014,,2014-12-25,inferred_from_ship
Yes,RS-2015-BP1230108-42132,Eastern Europe,2015-05-14,5/8/2015,,2015-05-21,inferred_from_ship
Yes,CA-2015-SR20425140-42361,Southern US,2015-12-27,12/23/2015,,2016-01-03,inferred_from_ship
Yes,CA-2013-JK16120140-41551,Eastern US,2013-10-09,10/4/2013,,2013-10-16,inferred_from_ship
Yes,CA-2013-JK16120140-41551,Eastern US,2013-10-09,10/4/2013,,2013-10-16,inferred_from_ship
Yes,IN-2014-LM1706566-41893,Eastern Asia,2014-09-17,9/11/2014,,2014-09-24,inferred_from_ship
Yes,IN-2014-LM1706566-41893,Eastern Asia,2014-09-17,9/11/2014,,2014-09-24,inferred_from_ship
Yes,IN-2014-LM1706566-41893,Eastern Asia,2014-09-17,9/11/2014,,2014-09-24,inferred_from_ship
Yes,IN-2014-LM1706566-41893,Eastern Asia,2014-09-17,9/11/2014,,2014-09-24,inferred_from_ship
Yes,CA-2014-ON18715140-41710,Central US,2014-03-14,3/12/2014,,2014-03-21,inferred_from_ship
Yes,CA-2014-ON18715140-41710,Central US,2014-03-14,3/12/2014,,2014-03-21,inferred_from_ship
Yes,US-2014-RB19570140-41886,Central US,2014-09-08,9/4/2014,,2014-09-15,inferred_from_ship
Yes,MX-2014-TG216405-41952,South America,2014-11-09,11/9/2014,,2014-11-16,inferred_from_ship
Yes,US-2015-LR1691518-42180,South America,2015-06-29,6/25/2015,,2015-07-06,inferred_from_ship
Yes,US-2015-LR1691518-42180,South America,2015-06-29,6/25/2015,,2015-07-06,inferred_from_ship
Yes,US-2015-LR1691518-42180,South America,2015-06-29,6/25/2015,,2015-07-06,inferred_from_ship
Yes,NI-2015-MK790595-42144,Western Africa,2015-05-25,5/20/2015,,2015-06-01,inferred_from_ship
Yes,NI-2015-MK790595-42144,Western Africa,2015-05-25,5/20/2015,,2015-06-01,inferred_from_ship
Yes,NI-2015-MK790595-42144,Western Africa,2015-05-25,5/20/2015,,2015-06-01,inferred_from_ship
Yes,UP-2014-LL6840137-41670,Eastern Europe,2014-02-05,1/31/2014,,2014-02-12,inferred_from_ship
Yes,UP-2014-LL6840137-41670,Eastern Europe,2014-02-05,1/31/2014,,2014-02-12,inferred_from_ship
Yes,ES-2015-LT1711045-42025,Western Europe,2015-01-23,1/21/2015,,2015-01-30,inferred_from_ship
Yes,ES-2015-LT1711045-42025,Western Europe,2015-01-23,1/21/2015,,2015-01-30,inferred_from_ship
Yes,ES-2015-LT1711045-42025,Western Europe,2015-01-23,1/21/2015,,2015-01-30,inferred_from_ship
Yes,TU-2012-FG4260134-41177,Western Asia,2012-09-29,9/25/2012,,2012-10-06,inferred_from_ship
Yes,IT-2014-AT1043591-41795,Western Europe,2014-06-09,6/5/2014,,2014-06-16,inferred_from_ship
Yes,IT-2014-AT1043591-41795,Western Europe,2014-06-09,6/5/2014,,2014-06-16,inferred_from_ship
Yes,CA-2015-JF15415140-42367,Eastern US,2016-01-05,12/29/2015,,2016-01-12,inferred_from_ship
Yes,CA-2015-JF15415140-42367,Eastern US,2016-01-05,12/29/2015,,2016-01-12,inferred_from_ship
Yes,CA-2015-JF15415140-42367,Eastern US,2016-01-05,12/29/2015,,2016-01-12,inferred_from_ship
Yes,CA-2015-JF15415140-42367,Eastern US,2016-01-05,12/29/2015,,2016-01-12,inferred_from_ship
Yes,IT-2012-RD19930120-41222,Southern Europe,2012-11-15,11/9/2012,,2012-11-22,inferred_from_ship
Yes,IT-2012-RD19930120-41222,Southern Europe,2012-11-15,11/9/2012,,2012-11-22,inferred_from_ship
Yes,IT-2012-RD19930120-41222,Southern Europe,2012-11-15,11/9/2012,,2012-11-22,inferred_from_ship
Yes,IT-2012-RD19930120-41222,Southern Europe,2012-11-15,11/9/2012,,2012-11-22,inferred_from_ship
Yes,IR-2014-BD162060-41820,Southern Asia,2014-07-05,6/30/2014,,2014-07-12,inferred_from_ship
Yes,IR-2014-BD162060-41820,Southern Asia,2014-07-05,6/30/2014,,2014-07-12,inferred_from_ship
Yes,IR-2014-BD162060-41820,Southern Asia,2014-07-05,6/30/2014,,2014-07-12,inferred_from_ship
Yes,ES-2015-CM1223545-42327,Western Europe,2015-11-21,11/19/2015,,2015-11-28,inferred_from_ship
Yes,MX-2015-MS1798028-42300,South America,2015-10-28,10/23/2015,,2015-11-04,inferred_from_ship
Yes,UP-2015-RK9300137-42341,Eastern Europe,2015-12-09,12/3/2015,,2015-12-16,inferred_from_ship
Yes,UP-2015-RK9300137-42341,Eastern Europe,2015-12-09,12/3/2015,,2015-12-16,inferred_from_ship
Yes,CA-2015-MA17560140-42298,Eastern US,2015-10-27,10/21/2015,,2015-11-03,inferred_from_ship
Yes,US-2013-HD1478555-41565,Central America,2013-10-24,10/18/2013,,2013-10-31,inferred_from_ship
Yes,US-2013-HD1478555-41565,Central America,2013-10-24,10/18/2013,,2013-10-31,inferred_from_ship
Yes,US-2013-HD1478555-41565,Central America,2013-10-24,10/18/2013,,2013-10-31,inferred_from_ship
Yes,MX-2013-BS1136536-41595,Caribbean,2013-11-19,11/17/2013,,2013-11-26,inferred_from_ship
Yes,MX-2013-BS1136536-41595,Caribbean,2013-11-19,11/17/2013,,2013-11-26,inferred_from_ship
Yes,CA-2012-RH19495140-41143,Eastern US,2012-08-22,8/22/2012,,2012-08-29,inferred_from_ship
Yes,CA-2012-RH19495140-41143,Eastern US,2012-08-22,8/22/2012,,2012-08-29,inferred_from_ship
Yes,ET-2014-SV1081543-41814,Eastern Africa,2014-06-30,6/24/2014,,2014-07-07,inferred_from_ship
Yes,ET-2014-SV1081543-41814,Eastern Africa,2014-06-30,6/24/2014,,2014-07-07,inferred_from_ship
Yes,MX-2013-AP1091536-41528,Caribbean,2013-09-17,9/11/2013,,2013-09-24,inferred_from_ship
Yes,MX-2013-AP1091536-41528,Caribbean,2013-09-17,9/11/2013,,2013-09-24,inferred_from_ship
Yes,MX-2015-RH1951082-42262,Central America,2015-09-20,9/15/2015,,2015-09-27,inferred_from_ship
Yes,MX-2015-RH1951082-42262,Central America,2015-09-20,9/15/2015,,2015-09-27,inferred_from_ship
Yes,MX-2015-RH1951082-42262,Central America,2015-09-20,9/15/2015,,2015-09-27,inferred_from_ship
Yes,CA-2013-JC16105140-41520,Southern US,2013-09-08,9/3/2013,,2013-09-15,inferred_from_ship
Yes,ES-2012-MP1817564-41187,Southern Europe,2012-10-09,10/5/2012,,2012-10-16,inferred_from_ship
Yes,US-2013-RR19525140-41613,Southern US,2013-12-08,12/5/2013,,2013-12-15,inferred_from_ship
Yes,ES-2013-GT14710139-41614,Northern Europe,2013-12-11,12/6/2013,,2013-12-18,inferred_from_ship
Yes,ES-2013-GT14710139-41614,Northern Europe,2013-12-11,12/6/2013,,2013-12-18,inferred_from_ship
Yes,EK-2014-EP391540-41947,Central Africa,2014-11-09,11/4/2014,,2014-11-16,inferred_from_ship
Yes,EK-2014-EP391540-41947,Central Africa,2014-11-09,11/4/2014,,2014-11-16,inferred_from_ship
Yes,EK-2014-EP391540-41947,Central Africa,2014-11-09,11/4/2014,,2014-11-16,inferred_from_ship
Yes,ID-2012-TC2129527-41137,Eastern Asia,2012-08-16,8/16/2012,,2012-08-23,inferred_from_ship
Yes,ID-2012-TC2129527-41137,Eastern Asia,2012-08-16,8/16/2012,,2012-08-23,inferred_from_ship
Yes,MX-2014-TM2149039-41923,Central America,2014-10-18,10/11/2014,,2014-10-25,inferred_from_ship
Yes,TU-2015-EB3840134-42326,Western Asia,2015-11-22,11/18/2015,,2015-11-29,inferred_from_ship
Yes,MX-2013-DW1348051-41548,Central America,2013-10-06,10/1/2013,,2013-10-13,inferred_from_ship
Yes,US-2014-GK14620101-41744,South America,2014-04-20,4/15/2014,,2014-04-27,inferred_from_ship
Yes,US-2014-GK14620101-41744,South America,2014-04-20,4/15/2014,,2014-04-27,inferred_from_ship
Yes,US-2014-GK14620101-41744,South America,2014-04-20,4/15/2014,,2014-04-27,inferred_from_ship
Yes,US-2014-GK14620101-41744,South America,2014-04-20,4/15/2014,,2014-04-27,inferred_from_ship
Yes,US-2014-GK14620101-41744,South America,2014-04-20,4/15/2014,,2014-04-27,inferred_from_ship
Yes,US-2014-GK14620101-41744,South America,2014-04-20,4/15/2014,,2014-04-27,inferred_from_ship
Yes,US-2014-GK14620101-41744,South America,2014-04-20,4/15/2014,,2014-04-27,inferred_from_ship
Yes,MX-2012-PF1912028-41059,South America,2012-06-03,5/30/2012,,2012-06-10,inferred_from_ship
Yes,IZ-2013-GZ454561-41314,Western Asia,2013-02-15,2/9/2013,,2013-02-22,inferred_from_ship
Yes,CA-2015-SC20380140-42039,Southern US,2015-02-09,2/4/2015,,2015-02-16,inferred_from_ship
Yes,CA-2015-SC20380140-42039,Southern US,2015-02-09,2/4/2015,,2015-02-16,inferred_from_ship
Yes,IN-2015-BS11590102-42287,Southeastern Asia,2015-10-15,10/10/2015,,2015-10-22,inferred_from_ship
Yes,MX-2012-MF1766582-41174,Central America,2012-09-27,9/22/2012,,2012-10-04,inferred_from_ship
Yes,TU-2015-CS1860134-42042,Western Asia,2015-02-10,2/7/2015,,2015-02-17,inferred_from_ship
Yes,TU-2015-CS1860134-42042,Western Asia,2015-02-10,2/7/2015,,2015-02-17,inferred_from_ship
Yes,TU-2015-CS1860134-42042,Western Asia,2015-02-10,2/7/2015,,2015-02-17,inferred_from_ship
Yes,MX-2013-SS2059093-41565,Central America,2013-10-22,10/18/2013,,2013-10-29,inferred_from_ship
Yes,MX-2015-PR1888018-42153,South America,2015-06-03,5/29/2015,,2015-06-10,inferred_from_ship
Yes,MX-2015-PR1888018-42153,South America,2015-06-03,5/29/2015,,2015-06-10,inferred_from_ship
Yes,PL-2014-BM1650103-41888,Eastern Europe,2014-09-12,9/6/2014,,2014-09-19,inferred_from_ship
Yes,CA-2015-DK13090140-42279,Central US,2015-10-08,10/2/2015,,2015-10-15,inferred_from_ship
Yes,ID-2014-RB19330102-41767,Southeastern Asia,2014-05-10,5/8/2014,,2014-05-17,inferred_from_ship
Yes,ID-2014-RB19330102-41767,Southeastern Asia,2014-05-10,5/8/2014,,2014-05-17,inferred_from_ship
Yes,MX-2013-RW1963082-41528,Central America,2013-09-15,9/11/2013,,2013-09-22,inferred_from_ship
Yes,IT-2012-BD1172591-40992,Western Europe,2012-03-29,3/24/2012,,2012-04-05,inferred_from_ship
Yes,IT-2012-BD1172591-40992,Western Europe,2012-03-29,3/24/2012,,2012-04-05,inferred_from_ship
Yes,TU-2015-SW10350134-42024,Western Asia,2015-01-23,1/20/2015,,2015-01-30,inferred_from_ship
Yes,TU-2015-SW10350134-42024,Western Asia,2015-01-23,1/20/2015,,2015-01-30,inferred_from_ship
Yes,TU-2015-SW10350134-42024,Western Asia,2015-01-23,1/20/2015,,2015-01-30,inferred_from_ship
Yes,US-2014-SG2008055-41769,Central America,2014-05-10,5/10/2014,,2014-05-17,inferred_from_ship
Yes,ES-2012-AR104058-41127,Western Europe,2012-08-09,8/6/2012,,2012-08-16,inferred_from_ship
Yes,CG-2015-DW358533-42341,Central Africa,2015-12-09,12/3/2015,,2015-12-16,inferred_from_ship
Yes,CA-2012-HP14815140-41236,Southern US,2012-11-28,11/23/2012,,2012-12-05,inferred_from_ship
Yes,ID-2013-AS1022559-41392,Southeastern Asia,2013-04-28,4/28/2013,,2013-05-05,inferred_from_ship
Yes,ID-2013-AS1022559-41392,Southeastern Asia,2013-04-28,4/28/2013,,2013-05-05,inferred_from_ship
Yes,PL-2015-ML8265103-42252,Eastern Europe,2015-09-11,9/5/2015,,2015-09-18,inferred_from_ship
Yes,ES-2014-BD1132048-41992,Western Europe,2014-12-23,12/19/2014,,2014-12-30,inferred_from_ship
Yes,CA-2015-JH15430140-42329,Southern US,2015-11-22,11/21/2015,,2015-11-29,inferred_from_ship
Yes,CA-2015-JH15430140-42329,Southern US,2015-11-22,11/21/2015,,2015-11-29,inferred_from_ship
Yes,CA-2015-NG18355140-42235,Eastern US,2015-08-24,8/19/2015,,2015-08-31,inferred_from_ship
Yes,CA-2015-NG18355140-42235,Eastern US,2015-08-24,8/19/2015,,2015-08-31,inferred_from_ship
Yes,CA-2015-NG18355140-42235,Eastern US,2015-08-24,8/19/2015,,2015-08-31,inferred_from_ship
Yes,CA-2015-NG18355140-42235,Eastern US,2015-08-24,8/19/2015,,2015-08-31,inferred_from_ship
Yes,CA-2015-NG18355140-42235,Eastern US,2015-08-24,8/19/2015,,2015-08-31,inferred_from_ship
Yes,MX-2012-MM1805531-40978,Caribbean,2012-03-15,3/10/2012,,2012-03-22,inferred_from_ship
Yes,MX-2012-MM1805531-40978,Caribbean,2012-03-15,3/10/2012,,2012-03-22,inferred_from_ship
Yes,MX-2012-MM1805531-40978,Caribbean,2012-03-15,3/10/2012,,2012-03-22,inferred_from_ship
Yes,ES-2013-EH14125120-41573,Southern Europe,2013-10-26,10/26/2013,,2013-11-02,inferred_from_ship
Yes,ES-2013-EH14125120-41573,Southern Europe,2013-10-26,10/26/2013,,2013-11-02,inferred_from_ship
Yes,ES-2013-EH14125120-41573,Southern Europe,2013-10-26,10/26/2013,,2013-11-02,inferred_from_ship
Yes,ES-2015-BM1157545-42276,Western Europe,2015-10-04,9/29/2015,,2015-10-11,inferred_from_ship
Yes,ES-2015-CB1202545-42041,Western Europe,2015-02-10,2/6/2015,,2015-02-17,inferred_from_ship
Yes,IT-2014-AP1091564-41896,Southern Europe,2014-09-18,9/14/2014,,2014-09-25,inferred_from_ship
Yes,IT-2014-AP1091564-41896,Southern Europe,2014-09-18,9/14/2014,,2014-09-25,inferred_from_ship
Yes,ES-2012-AG1049564-41254,Southern Europe,2012-12-16,12/11/2012,,2012-12-23,inferred_from_ship
Yes,ES-2012-AG1049564-41254,Southern Europe,2012-12-16,12/11/2012,,2012-12-23,inferred_from_ship
Yes,ID-2013-GZ14545130-41605,Southeastern Asia,2013-12-01,11/27/2013,,2013-12-08,inferred_from_ship
Yes,ID-2013-GZ14545130-41605,Southeastern Asia,2013-12-01,11/27/2013,,2013-12-08,inferred_from_ship
Yes,IN-2015-LH171557-42294,Oceania,2015-10-22,10/17/2015,,2015-10-29,inferred_from_ship
Yes,US-2015-PN18775140-42339,Southern US,2015-12-03,12/1/2015,,2015-12-10,inferred_from_ship
Yes,ID-2015-GD1459092-42144,Oceania,2015-05-24,5/20/2015,,2015-05-31,inferred_from_ship
Yes,IN-2014-IM1507058-41812,Southern Asia,2014-06-27,6/22/2014,,2014-07-04,inferred_from_ship
Yes,US-2012-JW1595555-41073,Central America,2012-06-19,6/13/2012,,2012-06-26,inferred_from_ship
Yes,MX-2014-AG1076539-41887,Central America,2014-09-12,9/5/2014,,2014-09-19,inferred_from_ship
Yes,MX-2014-AG1076539-41887,Central America,2014-09-12,9/5/2014,,2014-09-19,inferred_from_ship
Yes,ES-2015-LD1685548-42185,Western Europe,2015-07-05,6/30/2015,,2015-07-12,inferred_from_ship
Yes,US-2012-CW1190536-41241,Caribbean,2012-11-30,11/28/2012,,2012-12-07,inferred_from_ship
Yes,US-2012-CW1190536-41241,Caribbean,2012-11-30,11/28/2012,,2012-12-07,inferred_from_ship
Yes,US-2012-CW1190536-41241,Caribbean,2012-11-30,11/28/2012,,2012-12-07,inferred_from_ship
Yes,ID-2015-GM1445592-42334,Oceania,2015-11-30,11/26/2015,,2015-12-07,inferred_from_ship
Yes,ID-2015-GM1445592-42334,Oceania,2015-11-30,11/26/2015,,2015-12-07,inferred_from_ship
Yes,ID-2015-GM1445592-42334,Oceania,2015-11-30,11/26/2015,,2015-12-07,inferred_from_ship
Yes,EG-2013-VG1179038-41590,North Africa,2013-11-14,11/12/2013,,2013-11-21,inferred_from_ship
Yes,CA-2015-PN18775140-42120,Southern US,2015-04-27,4/26/2015,,2015-05-04,inferred_from_ship
Yes,CA-2015-PN18775140-42120,Southern US,2015-04-27,4/26/2015,,2015-05-04,inferred_from_ship
Yes,ID-2012-RB193307-41261,Oceania,2012-12-20,12/18/2012,,2012-12-27,inferred_from_ship
Yes,CA-2015-AG10675140-42272,Southern US,2015-09-28,9/25/2015,,2015-10-05,inferred_from_ship
Yes,CA-2015-AG10675140-42272,Southern US,2015-09-28,9/25/2015,,2015-10-05,inferred_from_ship
Yes,EN-2015-MC760542-42174,Northern Europe,2015-06-23,6/19/2015,,2015-06-30,inferred_from_ship
Yes,EN-2015-MC760542-42174,Northern Europe,2015-06-23,6/19/2015,,2015-06-30,inferred_from_ship
Yes,EN-2015-MC760542-42174,Northern Europe,2015-06-23,6/19/2015,,2015-06-30,inferred_from_ship
Yes,US-2014-MG1814555-41928,Central America,2014-10-19,10/16/2014,,2014-10-26,inferred_from_ship
Yes,US-2014-MG1814555-41928,Central America,2014-10-19,10/16/2014,,2014-10-26,inferred_from_ship
Yes,US-2014-MG1814555-41928,Central America,2014-10-19,10/16/2014,,2014-10-26,inferred_from_ship
Yes,US-2014-MG1814555-41928,Central America,2014-10-19,10/16/2014,,2014-10-26,inferred_from_ship
Yes,CA-2015-RB19795140-42138,Western US,2015-05-21,5/14/2015,,2015-05-28,inferred_from_ship
Yes,IR-2014-DL286560-41950,Southern Asia,2014-11-11,11/7/2014,,2014-11-18,inferred_from_ship
Yes,IR-2014-DL286560-41950,Southern Asia,2014-11-11,11/7/2014,,2014-11-18,inferred_from_ship
Yes,IR-2014-DL286560-41950,Southern Asia,2014-11-11,11/7/2014,,2014-11-18,inferred_from_ship
Yes,CA-2015-PK19075140-42316,Eastern US,2015-11-12,11/8/2015,,2015-11-19,inferred_from_ship
Yes,ES-2014-EJ1415545-41901,Western Europe,2014-09-23,9/19/2014,,2014-09-30,inferred_from_ship
Yes,ES-2014-EB1397564-41814,Southern Europe,2014-06-30,6/24/2014,,2014-07-07,inferred_from_ship
Yes,MX-2012-JL1517582-41163,Central America,2012-09-17,9/11/2012,,2012-09-24,inferred_from_ship
Yes,MX-2012-JL1517582-41163,Central America,2012-09-17,9/11/2012,,2012-09-24,inferred_from_ship
Yes,ES-2014-CP12340120-41738,Southern Europe,2014-04-15,4/9/2014,,2014-04-22,inferred_from_ship
Yes,ES-2014-CP12340120-41738,Southern Europe,2014-04-15,4/9/2014,,2014-04-22,inferred_from_ship
Yes,US-2015-SC2084582-42125,Central America,2015-05-08,5/1/2015,,2015-05-15,inferred_from_ship
Yes,TU-2013-AH585134-41367,Western Asia,2013-04-08,4/3/2013,,2013-04-15,inferred_from_ship
Yes,TU-2013-AH585134-41367,Western Asia,2013-04-08,4/3/2013,,2013-04-15,inferred_from_ship
Yes,TU-2013-AH585134-41367,Western Asia,2013-04-08,4/3/2013,,2013-04-15,inferred_from_ship
Yes,TU-2013-AH585134-41367,Western Asia,2013-04-08,4/3/2013,,2013-04-15,inferred_from_ship
Yes,CA-2014-BM11575140-41964,Western US,2014-11-25,11/21/2014,,2014-12-02,inferred_from_ship
Yes,SI-2014-TC10980115-41955,Southern Europe,2014-11-18,11/12/2014,,2014-11-25,inferred_from_ship
Yes,ES-2012-VG2180548-41175,Western Europe,2012-09-26,9/23/2012,,2012-10-03,inferred_from_ship
Yes,MX-2014-Dp1324082-41960,Central America,2014-11-23,11/17/2014,,2014-11-30,inferred_from_ship
Yes,MX-2014-Dp1324082-41960,Central America,2014-11-23,11/17/2014,,2014-11-30,inferred_from_ship
Yes,MX-2014-Dp1324082-41960,Central America,2014-11-23,11/17/2014,,2014-11-30,inferred_from_ship
Yes,MX-2014-Dp1324082-41960,Central America,2014-11-23,11/17/2014,,2014-11-30,inferred_from_ship
Yes,MX-2014-Dp1324082-41960,Central America,2014-11-23,11/17/2014,,2014-11-30,inferred_from_ship
Yes,MX-2014-Dp1324082-41960,Central America,2014-11-23,11/17/2014,,2014-11-30,inferred_from_ship
Yes,IN-2015-MH1744027-42025,Eastern Asia,2015-01-27,1/21/2015,,2015-02-03,inferred_from_ship
Yes,IN-2015-MH1744027-42025,Eastern Asia,2015-01-27,1/21/2015,,2015-02-03,inferred_from_ship
Yes,IN-2015-TW2102578-42063,Southeastern Asia,2015-03-05,2/28/2015,,2015-03-12,inferred_from_ship
Yes,IT-2015-FO1430564-42342,Southern Europe,2015-12-06,12/4/2015,,2015-12-13,inferred_from_ship
Yes,IT-2015-FO1430564-42342,Southern Europe,2015-12-06,12/4/2015,,2015-12-13,inferred_from_ship
Yes,BO-2015-MS798013-42091,Eastern Europe,2015-04-01,3/28/2015,,2015-04-08,inferred_from_ship
Yes,BO-2015-MS798013-42091,Eastern Europe,2015-04-01,3/28/2015,,2015-04-08,inferred_from_ship
Yes,BO-2015-MS798013-42091,Eastern Europe,2015-04-01,3/28/2015,,2015-04-08,inferred_from_ship
Yes,CA-2012-ZC21910140-41271,Central US,2013-01-04,12/28/2012,,2013-01-11,inferred_from_ship
Yes,ES-2012-AJ1094545-41239,Western Europe,2012-11-30,11/26/2012,,2012-12-07,inferred_from_ship
Yes,US-2015-RL19615140-42147,Western US,2015-05-26,5/23/2015,,2015-06-02,inferred_from_ship
Yes,NI-2012-SN1056095-41065,Western Africa,2012-06-11,6/5/2012,,2012-06-18,inferred_from_ship
Yes,NI-2012-SN1056095-41065,Western Africa,2012-06-11,6/5/2012,,2012-06-18,inferred_from_ship
Yes,NI-2012-SN1056095-41065,Western Africa,2012-06-11,6/5/2012,,2012-06-18,inferred_from_ship
Yes,NI-2012-SN1056095-41065,Western Africa,2012-06-11,6/5/2012,,2012-06-18,inferred_from_ship
Yes,NI-2012-SN1056095-41065,Western Africa,2012-06-11,6/5/2012,,2012-06-18,inferred_from_ship
Yes,NI-2012-SN1056095-41065,Western Africa,2012-06-11,6/5/2012,,2012-06-18,inferred_from_ship
Yes,NI-2012-SN1056095-41065,Western Africa,2012-06-11,6/5/2012,,2012-06-18,inferred_from_ship
Yes,NI-2012-SN1056095-41065,Western Africa,2012-06-11,6/5/2012,,2012-06-18,inferred_from_ship
Yes,CA-2014-EH13945140-41655,Western US,2014-01-20,1/16/2014,,2014-01-27,inferred_from_ship
Yes,CA-2014-EH13945140-41655,Western US,2014-01-20,1/16/2014,,2014-01-27,inferred_from_ship
Yes,MX-2013-JP1552082-41440,Central America,2013-06-19,6/15/2013,,2013-06-26,inferred_from_ship
Yes,IN-2015-CR126257-42046,Oceania,2015-02-14,2/11/2015,,2015-02-21,inferred_from_ship
Yes,IN-2014-OT187307-41944,Oceania,2014-11-05,11/1/2014,,2014-11-12,inferred_from_ship
Yes,IN-2014-OT187307-41944,Oceania,2014-11-05,11/1/2014,,2014-11-12,inferred_from_ship
Yes,IN-2014-OT187307-41944,Oceania,2014-11-05,11/1/2014,,2014-11-12,inferred_from_ship
Yes,MX-2013-MC1759039-41577,Central America,2013-11-03,10/30/2013,,2013-11-10,inferred_from_ship
Yes,MX-2012-BF1127582-41039,Central America,2012-05-13,5/10/2012,,2012-05-20,inferred_from_ship
Yes,TU-2014-EG3900134-41794,Western Asia,2014-06-08,6/4/2014,,2014-06-15,inferred_from_ship
Yes,TU-2014-EG3900134-41794,Western Asia,2014-06-08,6/4/2014,,2014-06-15,inferred_from_ship
Yes,CA-2013-TC21535140-41536,Southern US,2013-09-24,9/19/2013,,2013-10-01,inferred_from_ship
Yes,US-2015-EB1397518-42304,South America,2015-11-01,10/27/2015,,2015-11-08,inferred_from_ship
Yes,US-2015-EB1397518-42304,South America,2015-11-01,10/27/2015,,2015-11-08,inferred_from_ship
Yes,US-2015-EB1397518-42304,South America,2015-11-01,10/27/2015,,2015-11-08,inferred_from_ship
Yes,ES-2015-JK1564064-42297,Southern Europe,2015-10-24,10/20/2015,,2015-10-31,inferred_from_ship
Yes,EG-2015-RM937538-42360,North Africa,2015-12-23,12/22/2015,,2015-12-30,inferred_from_ship
Yes,EG-2015-RM937538-42360,North Africa,2015-12-23,12/22/2015,,2015-12-30,inferred_from_ship
Yes,MX-2014-PO1886593-41642,Central America,2014-01-07,1/3/2014,,2014-01-14,inferred_from_ship
Yes,SA-2015-BB990110-42291,Western Asia,2015-10-17,10/14/2015,,2015-10-24,inferred_from_ship
Yes,US-2012-TS2108536-41070,Caribbean,2012-06-14,6/10/2012,,2012-06-21,inferred_from_ship
Yes,US-2012-TS2108536-41070,Caribbean,2012-06-14,6/10/2012,,2012-06-21,inferred_from_ship
Yes,US-2012-TS2108536-41070,Caribbean,2012-06-14,6/10/2012,,2012-06-21,inferred_from_ship
Yes,EG-2013-FA423038-41534,North Africa,2013-09-19,9/17/2013,,2013-09-26,inferred_from_ship
Yes,ES-2013-SC20305139-41480,Northern Europe,2013-07-29,7/25/2013,,2013-08-05,inferred_from_ship
Yes,CA-2013-BP11095140-41481,Western US,2013-07-31,7/26/2013,,2013-08-07,inferred_from_ship
Yes,CA-2013-BP11095140-41481,Western US,2013-07-31,7/26/2013,,2013-08-07,inferred_from_ship
Yes,CA-2013-BP11095140-41481,Western US,2013-07-31,7/26/2013,,2013-08-07,inferred_from_ship
Yes,MO-2013-JW607586-41520,North Africa,2013-09-06,9/3/2013,,2013-09-13,inferred_from_ship
Yes,ID-2015-NP18685102-42224,Southeastern Asia,2015-08-13,8/8/2015,,2015-08-20,inferred_from_ship
Yes,ES-2015-JC16105139-42173,Northern Europe,2015-06-24,6/18/2015,,2015-07-01,inferred_from_ship
Yes,ES-2015-JC16105139-42173,Northern Europe,2015-06-24,6/18/2015,,2015-07-01,inferred_from_ship
Yes,ES-2015-JC16105139-42173,Northern Europe,2015-06-24,6/18/2015,,2015-07-01,inferred_from_ship
Yes,US-2015-RH1955518-42079,South America,2015-03-16,3/16/2015,,2015-03-23,inferred_from_ship
Yes,US-2015-RH1955518-42079,South America,2015-03-16,3/16/2015,,2015-03-23,inferred_from_ship
Yes,CA-2014-WB21850140-41654,Eastern US,2014-01-21,1/15/2014,,2014-01-28,inferred_from_ship
Yes,CA-2014-WB21850140-41654,Eastern US,2014-01-21,1/15/2014,,2014-01-28,inferred_from_ship
Yes,CA-2014-WB21850140-41654,Eastern US,2014-01-21,1/15/2014,,2014-01-28,inferred_from_ship
Yes,IN-2013-SW202757-41585,Oceania,2013-11-10,11/7/2013,,2013-11-17,inferred_from_ship
Yes,MX-2013-SC2077018-41329,South America,2013-02-28,2/24/2013,,2013-03-07,inferred_from_ship
Yes,CA-2015-HM14980140-42122,Western US,2015-05-03,4/28/2015,,2015-05-10,inferred_from_ship
Yes,IR-2012-DV304560-40929,Southern Asia,2012-01-26,1/21/2012,,2012-02-02,inferred_from_ship
Yes,MX-2013-EJ1415516-41465,South America,2013-07-16,7/10/2013,,2013-07-23,inferred_from_ship
Yes,CA-2012-EJ13720140-41258,Central US,2012-12-20,12/15/2012,,2012-12-27,inferred_from_ship
Yes,CA-2012-EJ13720140-41258,Central US,2012-12-20,12/15/2012,,2012-12-27,inferred_from_ship
Yes,CA-2015-SC20305140-42245,Central US,2015-09-02,8/29/2015,,2015-09-09,inferred_from_ship
Yes,CA-2015-SC20305140-42245,Central US,2015-09-02,8/29/2015,,2015-09-09,inferred_from_ship
Yes,IS-2013-MY829563-41460,Western Asia,2013-07-07,7/5/2013,,2013-07-14,inferred_from_ship
Yes,IS-2013-MY829563-41460,Western Asia,2013-07-07,7/5/2013,,2013-07-14,inferred_from_ship
Yes,IS-2013-MY829563-41460,Western Asia,2013-07-07,7/5/2013,,2013-07-14,inferred_from_ship
Yes,ID-2015-LS172007-42133,Oceania,2015-05-11,5/9/2015,,2015-05-18,inferred_from_ship
Yes,MX-2012-BT1130582-41158,Central America,2012-09-10,9/6/2012,,2012-09-17,inferred_from_ship
Yes,ES-2015-CL1189064-42356,Southern Europe,2015-12-20,12/18/2015,,2015-12-27,inferred_from_ship
Yes,CA-2014-JG15160140-41910,Southern US,2014-09-30,9/28/2014,,2014-10-07,inferred_from_ship
Yes,CA-2014-JG15160140-41910,Southern US,2014-09-30,9/28/2014,,2014-10-07,inferred_from_ship
Yes,ID-2014-MP1747059-41709,Southeastern Asia,2014-03-15,3/11/2014,,2014-03-22,inferred_from_ship
Yes,SA-2013-GM4680110-41328,Western Asia,2013-02-27,2/23/2013,,2013-03-06,inferred_from_ship
Yes,MX-2012-TZ2158093-40955,Central America,2012-02-20,2/16/2012,,2012-02-27,inferred_from_ship
Yes,CA-2012-RB19645140-41143,Western US,2012-08-26,8/22/2012,,2012-09-02,inferred_from_ship
Yes,CA-2012-IM15055140-40932,Western US,2012-01-29,1/24/2012,,2012-02-05,inferred_from_ship
Yes,IN-2015-BK1126027-42341,Eastern Asia,2015-12-09,12/3/2015,,2015-12-16,inferred_from_ship
Yes,US-2015-DB1355598-42119,Central America,2015-04-30,4/25/2015,,2015-05-07,inferred_from_ship
Yes,MX-2012-AW1093031-40912,Caribbean,2012-01-08,1/4/2012,,2012-01-15,inferred_from_ship
Yes,MX-2012-AW1093031-40912,Caribbean,2012-01-08,1/4/2012,,2012-01-15,inferred_from_ship
Yes,MX-2012-AW1093031-40912,Caribbean,2012-01-08,1/4/2012,,2012-01-15,inferred_from_ship
Yes,MX-2014-HE1480082-41851,Central America,2014-08-05,7/31/2014,,2014-08-12,inferred_from_ship
Yes,US-2013-ON18715140-41411,Central US,2013-05-21,5/17/2013,,2013-05-28,inferred_from_ship
Yes,US-2013-ON18715140-41411,Central US,2013-05-21,5/17/2013,,2013-05-28,inferred_from_ship
Yes,MX-2012-AH1046539-41185,Central America,2012-10-08,10/3/2012,,2012-10-15,inferred_from_ship
Yes,TU-2012-FH4365134-41121,Western Asia,2012-08-04,7/31/2012,,2012-08-11,inferred_from_ship
Yes,ID-2013-RW1954097-41476,Southern Asia,2013-07-21,7/21/2013,,2013-07-28,inferred_from_ship
Yes,ID-2013-RW1954097-41476,Southern Asia,2013-07-21,7/21/2013,,2013-07-28,inferred_from_ship
Yes,CA-2014-AM10360140-41837,Central US,2014-07-23,7/17/2014,,2014-07-30,inferred_from_ship
Yes,CA-2014-AM10360140-41837,Central US,2014-07-23,7/17/2014,,2014-07-30,inferred_from_ship
Yes,CA-2013-FC14335140-41409,Eastern US,2013-05-22,5/15/2013,,2013-05-29,inferred_from_ship
Yes,IN-2015-IG1508566-42228,Eastern Asia,2015-08-16,8/12/2015,,2015-08-23,inferred_from_ship
Yes,IT-2014-EK1379591-41771,Western Europe,2014-05-17,5/12/2014,,2014-05-24,inferred_from_ship
Yes,ID-2015-TC2129559-42223,Southeastern Asia,2015-08-12,8/7/2015,,2015-08-19,inferred_from_ship
Yes,CA-2014-BD11620140-41999,Eastern US,2014-12-29,12/26/2014,,2015-01-05,inferred_from_ship
Yes,CA-2014-RD19900140-41960,Western US,2014-11-21,11/17/2014,,2014-11-28,inferred_from_ship
Yes,ID-2012-TH21100118-41125,Eastern Asia,2012-08-10,8/4/2012,,2012-08-17,inferred_from_ship
Yes,IZ-2014-CA205561-41816,Western Asia,2014-06-30,6/26/2014,,2014-07-07,inferred_from_ship
Yes,IZ-2014-CA205561-41816,Western Asia,2014-06-30,6/26/2014,,2014-07-07,inferred_from_ship
Yes,CA-2013-TC21475140-41391,Western US,2013-05-02,4/27/2013,,2013-05-09,inferred_from_ship
Yes,CA-2013-TC21475140-41391,Western US,2013-05-02,4/27/2013,,2013-05-09,inferred_from_ship
Yes,AG-2014-RD95853-41712,North Africa,2014-03-18,3/14/2014,,2014-03-25,inferred_from_ship
Yes,AG-2014-RD95853-41712,North Africa,2014-03-18,3/14/2014,,2014-03-25,inferred_from_ship
Yes,ID-2012-JE1574559-41234,Southeastern Asia,2012-11-28,11/21/2012,,2012-12-05,inferred_from_ship
Yes,ID-2012-JE1574559-41234,Southeastern Asia,2012-11-28,11/21/2012,,2012-12-05,inferred_from_ship
Yes,CA-2014-TS21160140-41702,Western US,2014-03-04,3/4/2014,,2014-03-11,inferred_from_ship
Yes,CA-2014-TS21160140-41702,Western US,2014-03-04,3/4/2014,,2014-03-11,inferred_from_ship
Yes,MX-2015-DK1289526-42090,South America,2015-03-29,3/27/2015,,2015-04-05,inferred_from_ship
Yes,MX-2015-DK1289526-42090,South America,2015-03-29,3/27/2015,,2015-04-05,inferred_from_ship
Yes,CA-2013-GB14530140-41528,Western US,2013-09-12,9/11/2013,,2013-09-19,inferred_from_ship
Yes,IN-2015-RD1948011-42109,Southern Asia,2015-04-20,4/15/2015,,2015-04-27,inferred_from_ship
Yes,IN-2015-RD1948011-42109,Southern Asia,2015-04-20,4/15/2015,,2015-04-27,inferred_from_ship
Yes,ID-2015-RM197507-42129,Oceania,2015-05-11,5/5/2015,,2015-05-18,inferred_from_ship
Yes,ID-2015-RM197507-42129,Oceania,2015-05-11,5/5/2015,,2015-05-18,inferred_from_ship
Yes,US-2013-PT1909018-41418,South America,2013-05-28,5/24/2013,,2013-06-04,inferred_from_ship
Yes,CA-2014-AS10045140-41727,Southern US,2014-04-01,3/29/2014,,2014-04-08,inferred_from_ship
Yes,ES-2013-CS1246064-41368,Southern Europe,2013-04-09,4/4/2013,,2013-04-16,inferred_from_ship
Yes,ES-2013-CS1246064-41368,Southern Europe,2013-04-09,4/4/2013,,2013-04-16,inferred_from_ship
Yes,MX-2015-SZ2003536-42216,Caribbean,2015-08-04,7/31/2015,,2015-08-11,inferred_from_ship
Yes,SF-2013-BD1620117-41376,Southern Africa,2013-04-15,4/12/2013,,2013-04-22,inferred_from_ship
Yes,TU-2013-DL2925134-41534,Western Asia,2013-09-21,9/17/2013,,2013-09-28,inferred_from_ship
Yes,TU-2013-DL2925134-41534,Western Asia,2013-09-21,9/17/2013,,2013-09-28,inferred_from_ship
Yes,IN-2015-DB13660102-42089,Southeastern Asia,2015-03-26,3/26/2015,,2015-04-02,inferred_from_ship
Yes,MX-2015-KC1625582-42259,Central America,2015-09-15,9/12/2015,,2015-09-22,inferred_from_ship
Yes,EG-2014-SB1018538-41944,North Africa,2014-11-05,11/1/2014,,2014-11-12,inferred_from_ship
Yes,ES-2015-NM18445139-42218,Northern Europe,2015-08-07,8/2/2015,,2015-08-14,inferred_from_ship
Yes,CM-2012-SC1068022-41009,Central Africa,2012-04-12,4/10/2012,,2012-04-19,inferred_from_ship
Yes,CA-2014-TB21280140-41786,Eastern US,2014-06-02,5/27/2014,,2014-06-09,inferred_from_ship
Yes,CA-2014-TB21280140-41786,Eastern US,2014-06-02,5/27/2014,,2014-06-09,inferred_from_ship
Yes,CA-2014-TB21280140-41786,Eastern US,2014-06-02,5/27/2014,,2014-06-09,inferred_from_ship
Yes,CA-2014-TB21280140-41786,Eastern US,2014-06-02,5/27/2014,,2014-06-09,inferred_from_ship
Yes,ES-2012-AB1060064-40927,Southern Europe,2012-01-21,1/19/2012,,2012-01-28,inferred_from_ship
Yes,MX-2013-JC1534082-41392,Central America,2013-05-02,4/28/2013,,2013-05-09,inferred_from_ship
Yes,MX-2014-CG1204031-41977,Caribbean,2014-12-09,12/4/2014,,2014-12-16,inferred_from_ship
Yes,UP-2014-CR2580137-41922,Eastern Europe,2014-10-15,10/10/2014,,2014-10-22,inferred_from_ship
Yes,UP-2014-CR2580137-41922,Eastern Europe,2014-10-15,10/10/2014,,2014-10-22,inferred_from_ship
Yes,NI-2015-JG516095-42235,Western Africa,2015-08-26,8/19/2015,,2015-09-02,inferred_from_ship
Yes,MX-2014-HP1481582-41709,Central America,2014-03-14,3/11/2014,,2014-03-21,inferred_from_ship
Yes,IN-2015-DK1289559-42281,Southeastern Asia,2015-10-09,10/4/2015,,2015-10-16,inferred_from_ship
Yes,ES-2014-SJ2021548-41998,Western Europe,2014-12-30,12/25/2014,,2015-01-06,inferred_from_ship
Yes,IN-2014-BS1159027-42000,Eastern Asia,2014-12-31,12/27/2014,,2015-01-07,inferred_from_ship
Yes,US-2013-GM14500101-41366,South America,2013-04-04,4/2/2013,,2013-04-11,inferred_from_ship
Yes,IN-2013-KM1666059-41574,Southeastern Asia,2013-10-31,10/27/2013,,2013-11-07,inferred_from_ship
Yes,IN-2013-KM1666059-41574,Southeastern Asia,2013-10-31,10/27/2013,,2013-11-07,inferred_from_ship
Yes,IN-2013-KM1666059-41574,Southeastern Asia,2013-10-31,10/27/2013,,2013-11-07,inferred_from_ship
Yes,IN-2013-KM1666059-41574,Southeastern Asia,2013-10-31,10/27/2013,,2013-11-07,inferred_from_ship
Yes,IN-2013-KM1666059-41574,Southeastern Asia,2013-10-31,10/27/2013,,2013-11-07,inferred_from_ship
Yes,ID-2014-RP1927059-41918,Southeastern Asia,2014-10-11,10/6/2014,,2014-10-18,inferred_from_ship
Yes,IN-2015-AS102857-42217,Oceania,2015-08-05,8/1/2015,,2015-08-12,inferred_from_ship
Yes,US-2013-EJ1372018-41628,South America,2013-12-24,12/20/2013,,2013-12-31,inferred_from_ship
Yes,IN-2015-CR128207-42270,Oceania,2015-09-28,9/23/2015,,2015-10-05,inferred_from_ship
Yes,US-2014-FO14305140-41944,Southern US,2014-11-05,11/1/2014,,2014-11-12,inferred_from_ship
Yes,SF-2012-CC2685117-41263,Southern Africa,2012-12-26,12/20/2012,,2013-01-02,inferred_from_ship
Yes,SF-2012-CC2685117-41263,Southern Africa,2012-12-26,12/20/2012,,2013-01-02,inferred_from_ship
Yes,IT-2012-NF18385139-41237,Northern Europe,2012-11-28,11/24/2012,,2012-12-05,inferred_from_ship
Yes,CA-2015-EB13705140-42321,Eastern US,2015-11-16,11/13/2015,,2015-11-23,inferred_from_ship
Yes,US-2014-JE1574555-41971,Central America,2014-11-30,11/28/2014,,2014-12-07,inferred_from_ship
Yes,ES-2013-TB2162548-41374,Western Europe,2013-04-16,4/10/2013,,2013-04-23,inferred_from_ship
Yes,ES-2013-TB2162548-41374,Western Europe,2013-04-16,4/10/2013,,2013-04-23,inferred_from_ship
Yes,CA-2015-JS594023-42346,Eastern Canada,2015-12-10,12/8/2015,,2015-12-17,inferred_from_ship
Yes,IN-2015-MH1811592-42116,Oceania,2015-04-26,4/22/2015,,2015-05-03,inferred_from_ship
Yes,US-2013-MA1799536-41346,Caribbean,2013-03-20,3/13/2013,,2013-03-27,inferred_from_ship
Yes,IN-2012-JM15265144-41031,Southeastern Asia,2012-05-08,5/2/2012,,2012-05-15,inferred_from_ship
Yes,CA-2012-JG15115140-41189,Southern US,2012-10-07,10/7/2012,,2012-10-14,inferred_from_ship
Yes,US-2015-CG1252055-42316,Central America,2015-11-12,11/8/2015,,2015-11-19,inferred_from_ship
Yes,MX-2014-RR1931526-41951,South America,2014-11-12,11/8/2014,,2014-11-19,inferred_from_ship
Yes,CA-2014-CK12595140-41711,Eastern US,2014-03-17,3/13/2014,,2014-03-24,inferred_from_ship
Yes,MX-2014-DM1295598-41807,Central America,2014-06-19,6/17/2014,,2014-06-26,inferred_from_ship
Yes,MX-2012-BS1159039-41175,Central America,2012-09-27,9/23/2012,,2012-10-04,inferred_from_ship
Yes,MX-2012-BS1159039-41175,Central America,2012-09-27,9/23/2012,,2012-10-04,inferred_from_ship
Yes,MX-2012-DS1318018-41081,South America,2012-06-26,6/21/2012,,2012-07-03,inferred_from_ship
Yes,TU-2015-CS2355134-42101,Western Asia,2015-04-07,4/7/2015,,2015-04-14,inferred_from_ship
Yes,TU-2015-CS2355134-42101,Western Asia,2015-04-07,4/7/2015,,2015-04-14,inferred_from_ship
Yes,ID-2014-EB1397559-41919,Southeastern Asia,2014-10-13,10/7/2014,,2014-10-20,inferred_from_ship
Yes,IN-2014-AC1061558-41808,Southern Asia,2014-06-22,6/18/2014,,2014-06-29,inferred_from_ship
Yes,IN-2014-AC1061558-41808,Southern Asia,2014-06-22,6/18/2014,,2014-06-29,inferred_from_ship
Yes,EG-2012-NM844538-41002,North Africa,2012-04-08,4/3/2012,,2012-04-15,inferred_from_ship
Yes,EG-2012-NM844538-41002,North Africa,2012-04-08,4/3/2012,,2012-04-15,inferred_from_ship
Yes,ES-2014-RB1964545-41859,Western Europe,2014-08-12,8/8/2014,,2014-08-19,inferred_from_ship
Yes,ES-2014-RB1964545-41859,Western Europe,2014-08-12,8/8/2014,,2014-08-19,inferred_from_ship
Yes,IN-2015-MA17995121-42230,Southern Asia,2015-08-18,8/14/2015,,2015-08-25,inferred_from_ship
Yes,NI-2013-EH376595-41500,Western Africa,2013-08-20,8/14/2013,,2013-08-27,inferred_from_ship
Yes,IR-2015-BD162060-42252,Southern Asia,2015-09-07,9/5/2015,,2015-09-14,inferred_from_ship
Yes,IN-2014-PB19210130-41872,Southeastern Asia,2014-08-27,8/21/2014,,2014-09-03,inferred_from_ship
Yes,IN-2015-AA1031558-42361,Southern Asia,2015-12-29,12/23/2015,,2016-01-05,inferred_from_ship
Yes,TZ-2015-BM1785129-42285,Eastern Africa,2015-10-11,10/8/2015,,2015-10-18,inferred_from_ship
Yes,IV-2014-LC688529-41898,Western Africa,2014-09-20,9/16/2014,,2014-09-27,inferred_from_ship
Yes,IV-2014-LC688529-41898,Western Africa,2014-09-20,9/16/2014,,2014-09-27,inferred_from_ship
Yes,IN-2015-DL1292558-42167,Southern Asia,2015-06-18,6/12/2015,,2015-06-25,inferred_from_ship
Yes,EG-2015-NF838538-42060,North Africa,2015-03-01,2/25/2015,,2015-03-08,inferred_from_ship
Yes,CA-2014-ND18370140-41963,Eastern US,2014-11-26,11/20/2014,,2014-12-03,inferred_from_ship
Yes,CA-2014-ND18370140-41963,Eastern US,2014-11-26,11/20/2014,,2014-12-03,inferred_from_ship
Yes,NI-2012-BM114095-41061,Western Africa,2012-06-05,6/1/2012,,2012-06-12,inferred_from_ship
Yes,CA-2012-CM11815140-41226,Central US,2012-11-14,11/13/2012,,2012-11-21,inferred_from_ship
Yes,ES-2015-CJ1201064-42323,Southern Europe,2015-11-21,11/15/2015,,2015-11-28,inferred_from_ship
Yes,IN-2015-MB180857-42172,Oceania,2015-06-23,6/17/2015,,2015-06-30,inferred_from_ship
Yes,IN-2015-MB180857-42172,Oceania,2015-06-23,6/17/2015,,2015-06-30,inferred_from_ship
Yes,IN-2015-MB180857-42172,Oceania,2015-06-23,6/17/2015,,2015-06-30,inferred_from_ship
Yes,ES-2015-MJ1774045-42168,Western Europe,2015-06-20,6/13/2015,,2015-06-27,inferred_from_ship
Yes,ES-2015-HJ14875139-42013,Northern Europe,2015-01-14,1/9/2015,,2015-01-21,inferred_from_ship
Yes,CA-2012-CM11815140-41273,Central US,2013-01-04,12/30/2012,,2013-01-11,inferred_from_ship
Yes,CA-2014-BT11680140-41751,Eastern US,2014-04-22,4/22/2014,,2014-04-29,inferred_from_ship
Yes,CA-2014-BT11680140-41751,Eastern US,2014-04-22,4/22/2014,,2014-04-29,inferred_from_ship
Yes,IN-2012-GM1444027-41128,Eastern Asia,2012-08-11,8/7/2012,,2012-08-18,inferred_from_ship
Yes,IN-2015-DK12985144-42112,Southeastern Asia,2015-04-22,4/18/2015,,2015-04-29,inferred_from_ship
Yes,IN-2015-DK12985144-42112,Southeastern Asia,2015-04-22,4/18/2015,,2015-04-29,inferred_from_ship
Yes,IN-2015-DK12985144-42112,Southeastern Asia,2015-04-22,4/18/2015,,2015-04-29,inferred_from_ship
Yes,IN-2015-DK12985144-42112,Southeastern Asia,2015-04-22,4/18/2015,,2015-04-29,inferred_from_ship
Yes,TU-2015-LP7080134-42185,Western Asia,2015-07-04,6/30/2015,,2015-07-11,inferred_from_ship
Yes,CA-2014-DP13390140-41784,Eastern US,2014-05-29,5/25/2014,,2014-06-05,inferred_from_ship
Yes,US-2014-AJ1078018-41752,South America,2014-04-27,4/23/2014,,2014-05-04,inferred_from_ship
Yes,US-2014-AJ1078018-41752,South America,2014-04-27,4/23/2014,,2014-05-04,inferred_from_ship
Yes,US-2014-AJ1078018-41752,South America,2014-04-27,4/23/2014,,2014-05-04,inferred_from_ship
Yes,IT-2013-BW11065139-41370,Northern Europe,2013-04-10,4/6/2013,,2013-04-17,inferred_from_ship
Yes,ES-2015-GG1465048-42245,Western Europe,2015-08-31,8/29/2015,,2015-09-07,inferred_from_ship
Yes,CA-2012-PB19150140-41254,Southern US,2012-12-16,12/11/2012,,2012-12-23,inferred_from_ship
Yes,CA-2014-TT21265140-41915,Eastern US,2014-10-07,10/3/2014,,2014-10-14,inferred_from_ship
Yes,IR-2012-SS1051560-41125,Southern Asia,2012-08-08,8/4/2012,,2012-08-15,inferred_from_ship
Yes,CA-2012-RA988523-41160,Eastern Canada,2012-09-10,9/8/2012,,2012-09-17,inferred_from_ship
Yes,US-2015-ME17320140-42322,Central US,2015-11-19,11/14/2015,,2015-11-26,inferred_from_ship
Yes,US-2012-GH1442598-41140,Central America,2012-08-23,8/19/2012,,2012-08-30,inferred_from_ship
Yes,US-2012-GH1442598-41140,Central America,2012-08-23,8/19/2012,,2012-08-30,inferred_from_ship
Yes,US-2012-GH1442598-41140,Central America,2012-08-23,8/19/2012,,2012-08-30,inferred_from_ship
Yes,US-2012-GH1442598-41140,Central America,2012-08-23,8/19/2012,,2012-08-30,inferred_from_ship
Yes,ES-2013-EC1405048-41520,Western Europe,2013-09-09,9/3/2013,,2013-09-16,inferred_from_ship
Yes,US-2015-GZ14470140-42362,Western US,2015-12-24,12/24/2015,,2015-12-31,inferred_from_ship
Yes,MX-2014-ML1741039-41935,Central America,2014-10-29,10/23/2014,,2014-11-05,inferred_from_ship
Yes,MX-2012-DP1316582-41234,Central America,2012-11-27,11/21/2012,,2012-12-04,inferred_from_ship
Yes,MX-2012-BD1163582-41249,Central America,2012-12-11,12/6/2012,,2012-12-18,inferred_from_ship
Yes,MX-2015-CD1279080-42293,Caribbean,2015-10-20,10/16/2015,,2015-10-27,inferred_from_ship
Yes,IN-2014-DW1319559-41730,Southeastern Asia,2014-04-06,4/1/2014,,2014-04-13,inferred_from_ship
Yes,IN-2015-JK1612058-42126,Southern Asia,2015-05-09,5/2/2015,,2015-05-16,inferred_from_ship
Yes,US-2014-AR104055-41906,South America,2014-09-26,9/24/2014,,2014-10-03,inferred_from_ship
Yes,NI-2015-JG516095-42353,Western Africa,2015-12-19,12/15/2015,,2015-12-26,inferred_from_ship
Yes,NI-2015-JG516095-42353,Western Africa,2015-12-19,12/15/2015,,2015-12-26,inferred_from_ship
Yes,NI-2015-JG516095-42353,Western Africa,2015-12-19,12/15/2015,,2015-12-26,inferred_from_ship
Yes,US-2012-SC20260140-41165,Central US,2012-09-17,9/13/2012,,2012-09-24,inferred_from_ship
Yes,US-2012-SC20260140-41165,Central US,2012-09-17,9/13/2012,,2012-09-24,inferred_from_ship
Yes,US-2012-SC20260140-41165,Central US,2012-09-17,9/13/2012,,2012-09-24,inferred_from_ship
Yes,US-2012-SC20260140-41165,Central US,2012-09-17,9/13/2012,,2012-09-24,inferred_from_ship
Yes,CA-2012-CM12715140-41177,Eastern US,2012-09-29,9/25/2012,,2012-10-06,inferred_from_ship
Yes,CA-2012-CM12715140-41177,Eastern US,2012-09-29,9/25/2012,,2012-10-06,inferred_from_ship
Yes,CA-2012-CM12715140-41177,Eastern US,2012-09-29,9/25/2012,,2012-10-06,inferred_from_ship
Yes,CA-2015-HM14860140-42221,Western US,2015-08-08,8/5/2015,,2015-08-15,inferred_from_ship
Yes,CA-2015-HM14860140-42221,Western US,2015-08-09,8/5/2015,,2015-08-16,inferred_from_ship
Yes,CA-2015-HM14860140-42221,Western US,2015-08-08,8/5/2015,,2015-08-15,inferred_from_ship
Yes,IN-2015-DK1337566-42155,Eastern Asia,2015-06-07,5/31/2015,,2015-06-14,inferred_from_ship
Yes,CA-2013-KC16255140-41473,Eastern US,2013-07-21,7/18/2013,,2013-07-28,inferred_from_ship
Yes,AL-2012-EM38252-41213,Southern Europe,2012-11-04,10/31/2012,,2012-11-11,inferred_from_ship
Yes,AL-2012-EM38252-41213,Southern Europe,2012-11-04,10/31/2012,,2012-11-11,inferred_from_ship
Yes,AL-2012-EM38252-41213,Southern Europe,2012-11-04,10/31/2012,,2012-11-11,inferred_from_ship
Yes,CA-2013-EH13945140-41465,Western US,2013-07-10,7/10/2013,,2013-07-17,inferred_from_ship
Yes,ES-2012-MZ1751545-41262,Western Europe,2012-12-24,12/19/2012,,2012-12-31,inferred_from_ship
Yes,US-2014-LH1675055-41840,Central America,2014-07-23,7/20/2014,,2014-07-30,inferred_from_ship
Yes,MX-2015-LA1678051-42286,Central America,2015-10-14,10/9/2015,,2015-10-21,inferred_from_ship
Yes,ID-2014-LB167957-41829,Oceania,2014-07-14,7/9/2014,,2014-07-21,inferred_from_ship
Yes,CA-2015-LW17215140-42348,Central US,2015-12-16,12/10/2015,,2015-12-23,inferred_from_ship
Yes,ES-2015-AM10705120-42017,Southern Europe,2015-01-17,1/13/2015,,2015-01-24,inferred_from_ship
Yes,ES-2015-AM10705120-42017,Southern Europe,2015-01-17,1/13/2015,,2015-01-24,inferred_from_ship
Yes,TU-2014-SD10485134-41771,Western Asia,2014-05-13,5/12/2014,,2014-05-20,inferred_from_ship
Yes,US-2012-AH1046536-41234,Caribbean,2012-11-27,11/21/2012,,2012-12-04,inferred_from_ship
Yes,US-2012-DB1327036-41021,Caribbean,2012-04-26,4/22/2012,,2012-05-03,inferred_from_ship
Yes,CA-2014-LS16945140-41912,Eastern US,2014-10-03,9/30/2014,,2014-10-10,inferred_from_ship
Yes,MX-2015-QJ1925551-42255,Central America,2015-09-12,9/8/2015,,2015-09-19,inferred_from_ship
Yes,ES-2015-AS1004564-42028,Southern Europe,2015-01-29,1/24/2015,,2015-02-05,inferred_from_ship
Yes,SG-2015-AG495111-42164,Western Africa,2015-06-13,6/9/2015,,2015-06-20,inferred_from_ship
Yes,CA-2012-KC16675140-41255,Southern US,2012-12-14,12/12/2012,,2012-12-21,inferred_from_ship
Yes,CA-2015-JB16045140-42362,Eastern US,2015-12-31,12/24/2015,,2016-01-07,inferred_from_ship
Yes,ZA-2015-RC9960146-42257,Eastern Africa,2015-09-15,9/10/2015,,2015-09-22,inferred_from_ship
Yes,ES-2012-TB21190139-40992,Northern Europe,2012-03-26,3/24/2012,,2012-04-02,inferred_from_ship
Yes,ES-2012-TB21190139-40992,Northern Europe,2012-03-26,3/24/2012,,2012-04-02,inferred_from_ship
Yes,US-2013-GA1472598-41599,Central America,2013-11-26,11/21/2013,,2013-12-03,inferred_from_ship
Yes,US-2013-TS2134055-41356,Central America,2013-03-29,3/23/2013,,2013-04-05,inferred_from_ship
Yes,CA-2015-EH13765140-42027,Central US,2015-01-26,1/23/2015,,2015-02-02,inferred_from_ship
Yes,CA-2015-EH13765140-42027,Central US,2015-01-26,1/23/2015,,2015-02-02,inferred_from_ship
Yes,TU-2015-SC10050134-42216,Western Asia,2015-08-03,7/31/2015,,2015-08-10,inferred_from_ship
Yes,TU-2015-SC10050134-42216,Western Asia,2015-08-03,7/31/2015,,2015-08-10,inferred_from_ship
Yes,CA-2014-CY12745140-41867,Western US,2014-08-21,8/16/2014,,2014-08-28,inferred_from_ship
Yes,CA-2014-CY12745140-41867,Western US,2014-08-21,8/16/2014,,2014-08-28,inferred_from_ship
Yes,KG-2015-FO430570-42318,Central Asia,2015-11-16,11/10/2015,,2015-11-23,inferred_from_ship
Yes,KG-2015-FO430570-42318,Central Asia,2015-11-16,11/10/2015,,2015-11-23,inferred_from_ship
Yes,GH-2015-KD661549-42183,Western Africa,2015-07-02,6/28/2015,,2015-07-09,inferred_from_ship
Yes,IT-2015-DK12895124-42312,Northern Europe,2015-11-06,11/4/2015,,2015-11-13,inferred_from_ship
Yes,CA-2013-DP13165140-41557,Central US,2013-10-17,10/10/2013,,2013-10-24,inferred_from_ship
Yes,CA-2015-SP20860140-42276,Southern US,2015-10-03,9/29/2015,,2015-10-10,inferred_from_ship
Yes,IN-2015-RH1949559-42257,Southeastern Asia,2015-09-15,9/10/2015,,2015-09-22,inferred_from_ship
Yes,IN-2015-RH1949559-42257,Southeastern Asia,2015-09-15,9/10/2015,,2015-09-22,inferred_from_ship
Yes,CA-2013-BN11470140-41380,Eastern US,2013-04-21,4/16/2013,,2013-04-28,inferred_from_ship
Yes,NI-2013-EH412595-41541,Western Africa,2013-09-29,9/24/2013,,2013-10-06,inferred_from_ship
Yes,NI-2013-EH412595-41541,Western Africa,2013-09-29,9/24/2013,,2013-10-06,inferred_from_ship
Yes,ID-2013-PB18805130-41421,Southeastern Asia,2013-06-01,5/27/2013,,2013-06-08,inferred_from_ship
Yes,TU-2015-SV10785134-42340,Western Asia,2015-12-06,12/2/2015,,2015-12-13,inferred_from_ship
Yes,US-2014-DJ1363018-41963,South America,2014-11-23,11/20/2014,,2014-11-30,inferred_from_ship
Yes,US-2015-JE15610140-42321,Western US,2015-11-16,11/13/2015,,2015-11-23,inferred_from_ship
Yes,ID-2014-RH1949559-41984,Southeastern Asia,2014-12-17,12/11/2014,,2014-12-24,inferred_from_ship
Yes,IN-2014-AJ109457-41793,Oceania,2014-06-05,6/3/2014,,2014-06-12,inferred_from_ship
Yes,CA-2012-LT16765140-41152,Western US,2012-09-04,8/31/2012,,2012-09-11,inferred_from_ship
Yes,IN-2012-ST2053058-41058,Southern Asia,2012-06-02,5/29/2012,,2012-06-09,inferred_from_ship
Yes,CA-2012-PJ19015140-41005,Southern US,2012-04-09,4/6/2012,,2012-04-16,inferred_from_ship
Yes,MX-2014-DK1298518-41740,South America,2014-04-15,4/11/2014,,2014-04-22,inferred_from_ship
Yes,ID-2014-SC2026092-41894,Oceania,2014-09-17,9/12/2014,,2014-09-24,inferred_from_ship
Yes,UP-2013-DL2925137-41299,Eastern Europe,2013-01-30,1/25/2013,,2013-02-06,inferred_from_ship
Yes,AE-2014-MY7380138-42004,Western Asia,2015-01-03,12/31/2014,,2015-01-10,inferred_from_ship
Yes,AE-2014-MY7380138-42004,Western Asia,2015-01-03,12/31/2014,,2015-01-10,inferred_from_ship
Yes,ES-2015-LS1723045-42159,Western Europe,2015-06-08,6/4/2015,,2015-06-15,inferred_from_ship
Yes,TU-2014-MY8295134-41860,Western Asia,2014-08-11,8/9/2014,,2014-08-18,inferred_from_ship
Yes,TU-2014-MY8295134-41860,Western Asia,2014-08-11,8/9/2014,,2014-08-18,inferred_from_ship
Yes,TU-2014-MY8295134-41860,Western Asia,2014-08-11,8/9/2014,,2014-08-18,inferred_from_ship
Yes,TU-2014-MY8295134-41860,Western Asia,2014-08-11,8/9/2014,,2014-08-18,inferred_from_ship
Yes,MX-2014-KN1639082-41907,Central America,2014-10-01,9/25/2014,,2014-10-08,inferred_from_ship
Yes,IT-2013-CA12310139-41538,Northern Europe,2013-09-25,9/21/2013,,2013-10-02,inferred_from_ship
Yes,CA-2014-LF17185140-41933,Eastern US,2014-10-24,10/21/2014,,2014-10-31,inferred_from_ship
Yes,CA-2015-SJ20125140-42105,Eastern US,2015-04-16,4/11/2015,,2015-04-23,inferred_from_ship
Yes,CA-2015-SJ20125140-42105,Eastern US,2015-04-16,4/11/2015,,2015-04-23,inferred_from_ship
Yes,US-2013-DR12940140-41635,Central US,2014-01-01,12/27/2013,,2014-01-08,inferred_from_ship
Yes,TU-2014-TC11145134-41656,Western Asia,2014-01-21,1/17/2014,,2014-01-28,inferred_from_ship
Yes,MX-2012-RE1940539-41195,Central America,2012-10-17,10/13/2012,,2012-10-24,inferred_from_ship
Yes,ES-2013-ME1772545-41370,Western Europe,2013-04-10,4/6/2013,,2013-04-17,inferred_from_ship
Yes,CA-2013-MS17830140-41478,Eastern US,2013-07-26,7/23/2013,,2013-08-02,inferred_from_ship
Yes,IN-2015-DB13405144-42341,Southeastern Asia,2015-12-03,12/3/2015,,2015-12-10,inferred_from_ship
Yes,US-2015-SC20050140-42278,Central US,2015-10-07,10/1/2015,,2015-10-14,inferred_from_ship
Yes,IN-2014-DM1301527-41919,Eastern Asia,2014-10-13,10/7/2014,,2014-10-20,inferred_from_ship
Yes,CA-2014-DL13330140-41941,Eastern US,2014-11-02,10/29/2014,,2014-11-09,inferred_from_ship
Yes,MX-2012-AH1012082-41226,Central America,2012-11-19,11/13/2012,,2012-11-26,inferred_from_ship
Yes,NG-2015-JC577594-42260,Western Africa,2015-09-13,9/13/2015,,2015-09-20,inferred_from_ship
Yes,CA-2014-MG17890140-41703,Western US,2014-03-11,3/5/2014,,2014-03-18,inferred_from_ship
Yes,EG-2014-CS186038-41690,North Africa,2014-02-24,2/20/2014,,2014-03-03,inferred_from_ship
Yes,US-2012-KT16465140-41168,Southern US,2012-09-23,9/16/2012,,2012-09-30,inferred_from_ship
Yes,US-2012-KT16465140-41168,Southern US,2012-09-23,9/16/2012,,2012-09-30,inferred_from_ship
Yes,NI-2013-DB321095-41521,Western Africa,2013-09-08,9/4/2013,,2013-09-15,inferred_from_ship
Yes,NI-2013-DB321095-41521,Western Africa,2013-09-08,9/4/2013,,2013-09-15,inferred_from_ship
Yes,NI-2013-DB321095-41521,Western Africa,2013-09-08,9/4/2013,,2013-09-15,inferred_from_ship
Yes,CA-2013-PS19045140-41438,Eastern US,2013-06-19,6/13/2013,,2013-06-26,inferred_from_ship
Yes,CA-2013-PS19045140-41438,Eastern US,2013-06-19,6/13/2013,,2013-06-26,inferred_from_ship
Yes,CA-2013-PS19045140-41438,Eastern US,2013-06-19,6/13/2013,,2013-06-26,inferred_from_ship
Yes,TU-2015-AG675134-42099,Western Asia,2015-04-10,4/5/2015,,2015-04-17,inferred_from_ship
Yes,TU-2015-AG675134-42099,Western Asia,2015-04-10,4/5/2015,,2015-04-17,inferred_from_ship
Yes,US-2015-SH1997555-42052,Central America,2015-02-23,2/17/2015,,2015-03-02,inferred_from_ship
Yes,IT-2014-DO1364591-41870,Western Europe,2014-08-21,8/19/2014,,2014-08-28,inferred_from_ship
Yes,ES-2013-BF1100591-41501,Western Europe,2013-08-19,8/15/2013,,2013-08-26,inferred_from_ship
Yes,US-2012-JA1597055-41237,Central America,2012-11-25,11/24/2012,,2012-12-02,inferred_from_ship
Yes,TU-2013-CR2730134-41324,Western Asia,2013-02-23,2/19/2013,,2013-03-02,inferred_from_ship
Yes,TU-2013-CR2730134-41324,Western Asia,2013-02-23,2/19/2013,,2013-03-02,inferred_from_ship
Yes,RO-2015-SA10830107-42012,Eastern Europe,2015-01-12,1/8/2015,,2015-01-19,inferred_from_ship
Yes,MX-2015-NF1859539-42209,Central America,2015-07-28,7/24/2015,,2015-08-04,inferred_from_ship
Yes,NI-2014-JK562595-41779,Western Africa,2014-05-26,5/20/2014,,2014-06-02,inferred_from_ship
Yes,MX-2015-SP2092055-42363,Central America,2015-12-29,12/25/2015,,2016-01-05,inferred_from_ship
Yes,MX-2015-SP2092055-42363,Central America,2015-12-29,12/25/2015,,2016-01-05,inferred_from_ship
Yes,MX-2014-EH1418518-41915,South America,2014-10-07,10/3/2014,,2014-10-14,inferred_from_ship
Yes,MX-2014-KL1664593-41733,Central America,2014-04-08,4/4/2014,,2014-04-15,inferred_from_ship
Yes,NI-2015-BP105095-42249,Western Africa,2015-09-08,9/2/2015,,2015-09-15,inferred_from_ship
Yes,CA-2015-ML17410140-42025,Central US,2015-01-22,1/21/2015,,2015-01-29,inferred_from_ship
Yes,IN-2015-AH1069027-42181,Eastern Asia,2015-07-02,6/26/2015,,2015-07-09,inferred_from_ship
Yes,IN-2015-BE1141027-42249,Eastern Asia,2015-09-02,9/2/2015,,2015-09-09,inferred_from_ship
Yes,TU-2015-JD6015134-42327,Western Asia,2015-11-23,11/19/2015,,2015-11-30,inferred_from_ship
Yes,IN-2013-AS1028558-41354,Southern Asia,2013-03-24,3/21/2013,,2013-03-31,inferred_from_ship
Yes,IN-2013-AS1028558-41354,Southern Asia,2013-03-24,3/21/2013,,2013-03-31,inferred_from_ship
Yes,US-2012-GR1456054-41082,Caribbean,2012-06-24,6/22/2012,,2012-07-01,inferred_from_ship
Yes,CA-2014-AB10255140-41936,Western US,2014-10-29,10/24/2014,,2014-11-05,inferred_from_ship
Yes,BN-2014-KB631515-41904,Western Africa,2014-09-27,9/22/2014,,2014-10-04,inferred_from_ship
Yes,CA-2015-BD11725140-42276,Western US,2015-10-05,9/29/2015,,2015-10-12,inferred_from_ship
Yes,KZ-2012-PR888068-41144,Central Asia,2012-08-26,8/23/2012,,2012-09-02,inferred_from_ship
Yes,KZ-2012-PR888068-41144,Central Asia,2012-08-26,8/23/2012,,2012-09-02,inferred_from_ship
Yes,CA-2015-SC20575140-42236,Central US,2015-08-24,8/20/2015,,2015-08-31,inferred_from_ship
Yes,CA-2015-GK14620140-42257,Central US,2015-09-16,9/10/2015,,2015-09-23,inferred_from_ship
Yes,ZA-2015-MN7935147-42339,Eastern Africa,2015-12-05,12/1/2015,,2015-12-12,inferred_from_ship
Yes,ES-2012-AA1064564-41268,Southern Europe,2012-12-31,12/25/2012,,2013-01-07,inferred_from_ship
Yes,IN-2015-MO178007-42363,Oceania,2015-12-27,12/25/2015,,2016-01-03,inferred_from_ship
Yes,CA-2013-AI10855140-41628,Western US,2013-12-25,12/20/2013,,2014-01-01,inferred_from_ship
Yes,ES-2015-WB21850139-42248,Northern Europe,2015-09-03,9/1/2015,,2015-09-10,inferred_from_ship
Yes,AG-2014-CM21603-41755,North Africa,2014-05-01,4/26/2014,,2014-05-08,inferred_from_ship
Yes,IN-2012-RC198257-41167,Oceania,2012-09-20,9/15/2012,,2012-09-27,inferred_from_ship
Yes,IN-2013-JM152657-41576,Oceania,2013-11-01,10/29/2013,,2013-11-08,inferred_from_ship
Yes,TU-2012-PF9165134-41074,Western Asia,2012-06-20,6/14/2012,,2012-06-27,inferred_from_ship
Yes,US-2012-TH21235140-41216,Western US,2012-11-10,11/3/2012,,2012-11-17,inferred_from_ship
Yes,US-2013-PF1916582-41445,Central America,2013-06-25,6/20/2013,,2013-07-02,inferred_from_ship
Yes,CA-2015-AA10645140-42314,Western US,2015-11-10,11/6/2015,,2015-11-17,inferred_from_ship
Yes,ES-2012-MO17950120-41137,Southern Europe,2012-08-20,8/16/2012,,2012-08-27,inferred_from_ship
Yes,ES-2013-PB1915034-41373,Northern Europe,2013-04-13,4/9/2013,,2013-04-20,inferred_from_ship
Yes,NI-2014-CG204095-41856,Western Africa,2014-08-10,8/5/2014,,2014-08-17,inferred_from_ship
Yes,NI-2015-EB411095-42174,Western Africa,2015-06-24,6/19/2015,,2015-07-01,inferred_from_ship
Yes,IN-2014-KD16345144-41768,Southeastern Asia,2014-05-13,5/9/2014,,2014-05-20,inferred_from_ship
Yes,IN-2015-LA16780102-42095,Southeastern Asia,2015-04-07,4/1/2015,,2015-04-14,inferred_from_ship
Yes,IN-2014-SE2011066-41772,Eastern Asia,2014-05-19,5/13/2014,,2014-05-26,inferred_from_ship
Yes,ES-2015-AS1024064-42297,Southern Europe,2015-10-22,10/20/2015,,2015-10-29,inferred_from_ship
Yes,ZA-2014-LS6945147-41672,Eastern Africa,2014-02-08,2/2/2014,,2014-02-15,inferred_from_ship
Yes,TU-2014-SF10965134-41992,Western Asia,2014-12-24,12/19/2014,,2014-12-31,inferred_from_ship
Yes,US-2014-LB16795140-41957,Central US,2014-11-18,11/14/2014,,2014-11-25,inferred_from_ship
Yes,IN-2014-DA1345058-41769,Southern Asia,2014-05-15,5/10/2014,,2014-05-22,inferred_from_ship
Yes,US-2013-HG14845140-41530,Eastern US,2013-09-19,9/13/2013,,2013-09-26,inferred_from_ship
Yes,US-2013-SJ2021582-41543,Central America,2013-09-29,9/26/2013,,2013-10-06,inferred_from_ship
Yes,CA-2015-EB13870140-42269,Eastern US,2015-09-26,9/22/2015,,2015-10-03,inferred_from_ship
Yes,EG-2014-PM894038-41846,North Africa,2014-07-30,7/26/2014,,2014-08-06,inferred_from_ship
